date,country_code,country_name,GDP_usd,CPI_index,FX_local_per_USD,Exports_usd,Imports_usd,Trade_balance_usd,Interest_rate_percent,WTI_usd_per_barrel
2006-01-01,PHL,Philippines,127652926368.069,82.9875518672199,51.3142725,52651035880.407,50557042719.8686,2093993160.5383987,9.77866666666667,65.485
2006-02-01,PHL,Philippines,130013549893.5135,83.18810511756568,50.88378238981292,53204673157.33819,50975377289.50325,2229295867.834938,9.688062500000003,61.631052631578946
2006-03-01,PHL,Philippines,132374173418.95801,83.38865836791148,50.453292279625835,53758310434.26938,51393711859.1379,2364598575.1314774,9.597458333333336,62.68521739130435
2006-04-01,PHL,Philippines,134734796944.4025,83.58921161825725,50.02280216943875,54311947711.20058,51812046428.77255,2499901282.4280243,9.50685416666667,69.44368421052631
2006-05-01,PHL,Philippines,137095420469.847,83.78976486860304,49.59231205925167,54865584988.13177,52230380998.407196,2635203989.724571,9.416250000000003,70.84409090909091
2006-06-01,PHL,Philippines,139456043995.2915,83.99031811894882,49.16182194906459,55419222265.06296,52648715568.04185,2770506697.0211105,9.325645833333336,70.9509090909091
2006-07-01,PHL,Philippines,141816667520.73602,84.1908713692946,48.7313318388775,55972859541.99415,53067050137.6765,2905809404.31765,9.235041666666671,74.41105263157894
2006-08-01,PHL,Philippines,144177291046.1805,84.39142461964039,48.300841728690415,56526496818.92534,53485384707.31115,3041112111.614189,9.144437500000004,73.04304347826087
2006-09-01,PHL,Philippines,146537914571.625,84.59197786998617,47.870351618503335,57080134095.85653,53903719276.9458,3176414818.9107285,9.053833333333337,63.798
2006-10-01,PHL,Philippines,148898538097.06952,84.79253112033196,47.439861508316255,57633771372.78772,54322053846.580444,3311717526.2072754,8.96322916666667,58.89318181818182
2006-11-01,PHL,Philippines,151259161622.514,84.99308437067774,47.00937139812917,58187408649.71892,54740388416.215096,3447020233.5038223,8.872625000000003,59.0825
2006-12-01,PHL,Philippines,153619785147.95853,85.19363762102353,46.57888128794208,58741045926.65011,55158722985.84975,3582322940.8003616,8.782020833333338,61.959
2007-01-01,PHL,Philippines,155980408673.403,85.3941908713693,46.148391177755,59294683203.5813,55577057555.4844,3717625648.096901,8.69141666666667,54.50619047619048
2007-02-01,PHL,Philippines,158117426811.23285,85.9820193637621,45.99629921372625,59402144914.4147,56140741771.88641,3261403142.52829,8.696388888888892,59.27894736842105
2007-03-01,PHL,Philippines,160254444949.06268,86.56984785615492,45.844207249697504,59509606625.248116,56704425988.28843,2805180636.9596863,8.701361111111114,60.441818181818185
2007-04-01,PHL,Philippines,162391463086.89252,87.15767634854772,45.69211528566875,59617068336.08153,57268110204.690445,2348958131.391083,8.706333333333335,63.977
2007-05-01,PHL,Philippines,164528481224.72235,87.74550484094054,45.54002332164,59724530046.91493,57831794421.09247,1892735625.822464,8.711305555555557,63.45454545454545
2007-06-01,PHL,Philippines,166665499362.5522,88.33333333333334,45.38793135761125,59831991757.74834,58395478637.494484,1436513120.2538528,8.716277777777778,67.48904761904762
2007-07-01,PHL,Philippines,168802517500.38202,88.92116182572616,45.2358393935825,59939453468.58175,58959162853.8965,980290614.6852493,8.721250000000001,74.11761904761904
2007-08-01,PHL,Philippines,170939535638.21182,89.50899031811896,45.08374742955375,60046915179.41516,59522847070.298515,524068109.1166458,8.726222222222223,72.35608695652174
2007-09-01,PHL,Philippines,173076553776.04166,90.09681881051176,44.931655465525004,60154376890.248566,60086531286.70053,67845603.54803467,8.731194444444444,79.91473684210526
2007-10-01,PHL,Philippines,175213571913.8715,90.68464730290458,44.779563501496256,60261838601.08197,60650215503.102554,-388376902.0205841,8.736166666666666,85.7986956521739
2007-11-01,PHL,Philippines,177350590051.70132,91.27247579529738,44.6274715374675,60369300311.91538,61213899719.50457,-844599407.5891876,8.741138888888887,94.77238095238096
2007-12-01,PHL,Philippines,179487608189.53116,91.8603042876902,44.47537957343875,60476762022.748795,61777583935.906586,-1300821913.1577911,8.746111111111109,91.687
2008-01-01,PHL,Philippines,181624626327.361,92.448132780083,44.32328760941,60584223733.5822,62341268152.3086,-1757044418.7264023,8.75108333333333,92.97047619047619
2008-02-01,PHL,Philippines,181153803790.19525,92.77316735822961,44.60298767975159,59967099789.31584,61643353564.5733,-1676253775.2574615,8.735673611111109,95.386
2008-03-01,PHL,Philippines,180682981253.02948,93.09820193637621,44.88268775009318,59349975845.049484,60945438976.838,-1595463131.7885132,8.720263888888887,105.454
2008-04-01,PHL,Philippines,180212158715.86374,93.42323651452283,45.16238782043477,58732851900.78313,60247524389.1027,-1514672488.3195724,8.704854166666665,112.58045454545454
2008-05-01,PHL,Philippines,179741336178.698,93.74827109266943,45.44208789077637,58115727956.51677,59549609801.3674,-1433881844.8506317,8.689444444444444,125.39761904761905
2008-06-01,PHL,Philippines,179270513641.53226,94.07330567081604,45.72178796111796,57498604012.25041,58851695213.6321,-1353091201.381691,8.674034722222222,133.88
2008-07-01,PHL,Philippines,178799691104.36652,94.39834024896265,46.00148803145955,56881480067.984055,58153780625.896805,-1272300557.9127502,8.658625,133.3709090909091
2008-08-01,PHL,Philippines,178328868567.20074,94.72337482710925,46.28118810180114,56264356123.7177,57455866038.1615,-1191509914.4438019,8.643215277777777,116.66619047619047
2008-09-01,PHL,Philippines,177858046030.035,95.04840940525587,46.56088817214273,55647232179.45133,56757951450.4262,-1110719270.9748688,8.627805555555556,104.11428571428571
2008-10-01,PHL,Philippines,177387223492.86926,95.37344398340247,46.84058824248433,55030108235.184975,56060036862.6909,-1029928627.505928,8.612395833333334,76.6086956521739
2008-11-01,PHL,Philippines,176916400955.7035,95.69847856154908,47.12028831282592,54412984290.91862,55362122274.9556,-949137984.0369797,8.596986111111113,57.30947368421053
2008-12-01,PHL,Philippines,176445578418.53775,96.02351313969568,47.39998838316751,53795860346.65226,54664207687.2203,-868347340.568039,8.581576388888891,41.121818181818185
2009-01-01,PHL,Philippines,175974755881.372,96.3485477178423,47.6796884535091,53178736402.3859,53966293099.485,-787556697.0990982,8.56616666666667,41.71
2009-02-01,PHL,Philippines,178674267320.51968,96.6528354080221,47.465519764057476,54455584936.5193,55239088228.9217,-783503292.4023972,8.491708333333335,39.08736842105263
2009-03-01,PHL,Philippines,181373778759.66736,96.95712309820192,47.25135107460585,55732433470.6527,56511883358.3584,-779449887.7056961,8.417250000000003,47.939090909090915
2009-04-01,PHL,Philippines,184073290198.815,97.26141078838172,47.037182385154225,57009282004.7861,57784678487.795105,-775396483.0090027,8.34279166666667,49.64666666666666
2009-05-01,PHL,Philippines,186772801637.96268,97.56569847856153,46.8230136957026,58286130538.9195,59057473617.231804,-771343078.3123016,8.268333333333336,59.028499999999994
2009-06-01,PHL,Philippines,189472313077.11035,97.86998616874133,46.608845006250974,59562979073.0529,60330268746.6685,-767289673.6156006,8.193875000000002,69.64090909090909
2009-07-01,PHL,Philippines,192171824516.258,98.17427385892114,46.39467631679935,60839827607.1863,61603063876.1052,-763236268.9188995,8.11941666666667,64.15227272727272
2009-08-01,PHL,Philippines,194871335955.40567,98.47856154910096,46.18050762734773,62116676141.3197,62875859005.5419,-759182864.2221985,8.044958333333337,71.04476190476191
2009-09-01,PHL,Philippines,197570847394.55334,98.78284923928076,45.966338937896104,63393524675.4531,64148654134.9786,-755129459.5254974,7.970500000000003,69.40809523809523
2009-10-01,PHL,Philippines,200270358833.70102,99.08713692946057,45.75217024844448,64670373209.5865,65421449264.4153,-751076054.8287964,7.89604166666667,75.71545454545455
2009-11-01,PHL,Philippines,202969870272.8487,99.39142461964039,45.53800155899285,65947221743.7199,66694244393.852005,-747022650.132103,7.821583333333336,77.99
2009-12-01,PHL,Philippines,205669381711.99634,99.6957123098202,45.32383286954123,67224070277.8533,67967039523.288704,-742969245.4354019,7.747125000000003,74.47
2010-01-01,PHL,Philippines,208368893151.144,100.0,45.1096641800896,68500918811.9867,69239834652.7254,-738915840.7387009,7.67266666666667,78.32578947368421
2010-02-01,PHL,Philippines,210522879579.492,100.39320142059867,44.959953575394536,68473324232.29168,69655201516.34224,-1181877284.05056,7.588548611111114,76.38736842105263
2010-03-01,PHL,Philippines,212676866007.84003,100.78640284119733,44.81024297069947,68445729652.59665,70070568379.95909,-1624838727.362442,7.504430555555558,81.20347826086957
2010-04-01,PHL,Philippines,214830852436.18802,101.179604261796,44.660532366004404,68418135072.90163,70485935243.57593,-2067800170.6743011,7.420312500000002,84.29285714285714
2010-05-01,PHL,Philippines,216984838864.536,101.57280568239467,44.51082176130934,68390540493.206604,70901302107.19276,-2510761613.9861603,7.3361944444444465,73.7435
2010-06-01,PHL,Philippines,219138825292.884,101.96600710299333,44.36111115661427,68362945913.51157,71316668970.80962,-2953723057.2980423,7.252076388888891,75.3359090909091
2010-07-01,PHL,Philippines,221292811721.232,102.359208523592,44.2114005519192,68335351333.81655,71732035834.42645,-3396684500.6099014,7.167958333333335,76.31952380952382
2010-08-01,PHL,Philippines,223446798149.58002,102.75240994419067,44.06168994722413,68307756754.12153,72147402698.04329,-3839645943.9217606,7.083840277777779,76.59909090909092
2010-09-01,PHL,Philippines,225600784577.928,103.14561136478933,43.911979342529065,68280162174.4265,72562769561.66014,-4282607387.2336426,6.999722222222223,75.24190476190476
2010-10-01,PHL,Philippines,227754771006.276,103.538812785388,43.762268737834,68252567594.731476,72978136425.27698,-4725568830.545502,6.915604166666667,81.89285714285714
2010-11-01,PHL,Philippines,229908757434.62402,103.93201420598668,43.61255813313893,68224973015.03645,73393503288.89381,-5168530273.857361,6.831486111111111,84.25285714285714
2010-12-01,PHL,Philippines,232062743862.97202,104.32521562658533,43.46284752844387,68197378435.34142,73808870152.51067,-5611491717.169243,6.7473680555555555,89.14590909090909
2011-01-01,PHL,Philippines,234216730291.32,104.718417047184,43.3131369237488,68169783855.6464,74224237016.1275,-6054453160.481102,6.66325,89.1705
2011-02-01,PHL,Philippines,236525381180.59583,104.9825661048881,43.222775074681685,68484127570.572044,74668732707.22829,-6184605136.656242,6.581270833333333,88.57842105263158
2011-03-01,PHL,Philippines,238834032069.87167,105.24671516259217,43.13241322561457,68798471285.49768,75113228398.32907,-6314757112.83139,6.499291666666666,102.85652173913043
2011-04-01,PHL,Philippines,241142682959.14752,105.51086422029626,43.04205137654745,69112815000.42332,75557724089.42986,-6444909089.006531,6.4173124999999995,109.5325
2011-05-01,PHL,Philippines,243451333848.42334,105.77501327800033,42.95168952748033,69427158715.34897,76002219780.53064,-6575061065.181671,6.335333333333333,100.90047619047618
2011-06-01,PHL,Philippines,245759984737.69916,106.03916233570442,42.86132767841322,69741502430.27461,76446715471.63142,-6705213041.356812,6.253354166666666,96.26409090909091
2011-07-01,PHL,Philippines,248068635626.975,106.3033113934085,42.770965829346096,70055846145.20026,76891211162.73221,-6835365017.531952,6.171374999999999,97.3035
2011-08-01,PHL,Philippines,250377286516.25085,106.56746045111258,42.68060398027898,70370189860.1259,77335706853.83298,-6965516993.707077,6.089395833333333,86.33304347826088
2011-09-01,PHL,Philippines,252685937405.52667,106.83160950881667,42.590242131211866,70684533575.05154,77780202544.93376,-7095668969.882217,6.007416666666667,85.51523809523809
2011-10-01,PHL,Philippines,254994588294.8025,107.09575856652074,42.49988028214475,70998877289.97717,78224698236.03455,-7225820946.057373,5.9254375,86.32238095238095
2011-11-01,PHL,Philippines,257303239184.07834,107.35990762422483,42.409518433077636,71313221004.90282,78669193927.13533,-7355972922.232513,5.843458333333333,97.16047619047619
2011-12-01,PHL,Philippines,259611890073.3542,107.6240566819289,42.319156584010514,71627564719.82846,79113689618.23611,-7486124898.407654,5.761479166666667,98.56285714285715
2012-01-01,PHL,Philippines,261920540962.63,107.888205739633,42.2287947349434,71941908434.7541,79558185309.3369,-7616276874.582794,5.6795,100.2735
2012-02-01,PHL,Philippines,263752398264.80402,108.12040702111317,42.24691057625427,72139952339.29929,79942478007.05049,-7802525667.751205,5.6867777777777775,102.204
2012-03-01,PHL,Philippines,265584255566.978,108.35260830259332,42.26502641756515,72337996243.84447,80326770704.76408,-7988774460.919617,5.694055555555555,106.15772727272729
2012-04-01,PHL,Philippines,267416112869.152,108.5848095840735,42.283142258876026,72536040148.38965,80711063402.47768,-8175023254.088028,5.7013333333333325,103.321
2012-05-01,PHL,Philippines,269247970171.32602,108.81701086555367,42.3012581001869,72734084052.93483,81095356100.19127,-8361272047.256439,5.70861111111111,94.65454545454546
2012-06-01,PHL,Philippines,271079827473.5,109.04921214703383,42.31937394149777,72932127957.48001,81479648797.90486,-8547520840.42485,5.7158888888888875,82.30333333333333
2012-07-01,PHL,Philippines,272911684775.674,109.281413428514,42.337489782808646,73130171862.0252,81863941495.61844,-8733769633.593231,5.723166666666665,87.8952380952381
2012-08-01,PHL,Philippines,274743542077.84802,109.51361470999417,42.35560562411953,73328215766.57039,82248234193.33203,-8920018426.761642,5.7304444444444425,94.13130434782609
2012-09-01,PHL,Philippines,276575399380.02203,109.74581599147433,42.3737214654304,73526259671.11557,82632526891.04562,-9106267219.930054,5.73772222222222,94.51368421052632
2012-10-01,PHL,Philippines,278407256682.19604,109.9780172729545,42.39183730674127,73724303575.66075,83016819588.75922,-9292516013.098465,5.744999999999997,89.4913043478261
2012-11-01,PHL,Philippines,280239113984.37,110.21021855443468,42.40995314805215,73922347480.20593,83401112286.47281,-9478764806.266876,5.752277777777775,86.53142857142858
2012-12-01,PHL,Philippines,282070971286.544,110.44241983591483,42.42806898936303,74120391384.75111,83785404984.1864,-9665013599.435287,5.759555555555552,87.8595
2013-01-01,PHL,Philippines,283902828588.718,110.674621117395,42.4461848306739,74318435289.2963,84169697681.9,-9851262392.603699,5.76683333333333,94.75666666666667
2013-02-01,PHL,Philippines,285034555817.8285,111.00644423899418,42.60859895346855,74906494982.87729,84620823700.2161,-9714328717.338806,5.746756944444441,95.30894736842104
2013-03-01,PHL,Philippines,286166283046.939,111.33826736059333,42.7710130762632,75494554676.4583,85071949718.53221,-9577395042.073914,5.7266805555555536,92.9385
2013-04-01,PHL,Philippines,287298010276.0495,111.6700904821925,42.933427199057846,76082614370.03929,85523075736.84833,-9440461366.809036,5.706604166666665,92.02136363636363
2013-05-01,PHL,Philippines,288429737505.16003,112.00191360379166,43.0958413218525,76670674063.6203,85974201755.16443,-9303527691.544128,5.686527777777776,94.50954545454546
2013-06-01,PHL,Philippines,289561464734.2705,112.33373672539084,43.25825544464715,77258733757.2013,86425327773.48053,-9166594016.279236,5.6664513888888886,95.77250000000001
2013-07-01,PHL,Philippines,290693191963.381,112.66555984698999,43.4206695674418,77846793450.78229,86876453791.79665,-9029660341.014359,5.646375,104.67090909090908
2013-08-01,PHL,Philippines,291824919192.4915,112.99738296858916,43.58308369023645,78434853144.3633,87327579810.11276,-8892726665.749466,5.626298611111111,106.57272727272726
2013-09-01,PHL,Philippines,292956646421.602,113.32920609018834,43.7454978130311,79022912837.94429,87778705828.42886,-8755792990.484573,5.6062222222222236,106.2895
2013-10-01,PHL,Philippines,294088373650.7125,113.6610292117875,43.90791193582575,79610972531.5253,88229831846.74496,-8618859315.219666,5.586145833333335,100.53826086956522
2013-11-01,PHL,Philippines,295220100879.823,113.99285233338667,44.070326058620395,80199032225.1063,88680957865.06108,-8481925639.954788,5.566069444444446,93.864
2013-12-01,PHL,Philippines,296351828108.93353,114.32467545498582,44.232740181415046,80787091918.6873,89132083883.3772,-8344991964.689896,5.5459930555555585,97.6252380952381
2014-01-01,PHL,Philippines,297483555338.044,114.656498576585,44.3951543042097,81375151612.2683,89583209901.6933,-8208058289.425003,5.52591666666667,94.61714285714285
2014-02-01,PHL,Philippines,298230414996.7338,114.720915706286,44.487461440704145,81542052982.43774,90272859004.83505,-8730806022.397308,5.530277777777781,100.81736842105263
2014-03-01,PHL,Philippines,298977274655.4237,114.78533283598699,44.5797685771986,81708954352.6072,90962508107.9768,-9253553755.369614,5.5346388888888916,100.80380952380953
2014-04-01,PHL,Philippines,299724134314.1135,114.84974996568799,44.67207571369305,81875855722.77664,91652157211.11858,-9776301488.341934,5.539000000000002,102.06904761904761
2014-05-01,PHL,Philippines,300470993972.80334,114.91416709538899,44.764382850187495,82042757092.94609,92341806314.26033,-10299049221.31424,5.543361111111113,102.17714285714285
2014-06-01,PHL,Philippines,301217853631.49316,114.97858422508999,44.85668998668195,82209658463.11554,93031455417.40208,-10821796954.286545,5.547722222222224,105.7942857142857
2014-07-01,PHL,Philippines,301964713290.183,115.04300135479099,44.9489971231764,82376559833.285,93721104520.54385,-11344544687.25885,5.552083333333335,103.58863636363638
2014-08-01,PHL,Philippines,302711572948.87286,115.107418484492,45.041304259670845,82543461203.45445,94410753623.68561,-11867292420.231155,5.556444444444446,96.53619047619047
2014-09-01,PHL,Philippines,303458432607.5627,115.171835614193,45.1336113961653,82710362573.6239,95100402726.82736,-12390040153.20346,5.5608055555555564,93.21190476190476
2014-10-01,PHL,Philippines,304205292266.2525,115.236252743894,45.22591853265975,82877263943.79335,95790051829.96912,-12912787886.175766,5.565166666666667,84.39695652173914
2014-11-01,PHL,Philippines,304952151924.9424,115.300669873595,45.318225669154195,83044165313.9628,96479700933.11087,-13435535619.148071,5.569527777777778,75.78947368421052
2014-12-01,PHL,Philippines,305699011583.6322,115.365087003296,45.41053280564865,83211066684.13225,97169350036.25264,-13958283352.120392,5.573888888888889,59.29045454545455
2015-01-01,PHL,Philippines,306445871242.322,115.429504132997,45.5028399421431,83377968054.3017,97858999139.3944,-14481031085.092697,5.57825,47.219
2015-02-01,PHL,Philippines,307460965556.8561,115.55009899208832,45.66864193517367,83512086647.10962,99024735524.60327,-15512648877.493652,5.583562499999999,50.58421052631579
2015-03-01,PHL,Philippines,308476059871.3902,115.67069385117966,45.83444392820423,83646205239.91753,100190471909.81216,-16544266669.894638,5.588875,47.82363636363636
2015-04-01,PHL,Philippines,309491154185.92426,115.791288710271,46.0002459212348,83780323832.72545,101356208295.02104,-17575884462.295593,5.5941875,54.45285714285714
2015-05-01,PHL,Philippines,310506248500.4584,115.91188356936233,46.16604791426536,83914442425.53337,102521944680.22993,-18607502254.696564,5.5995,59.265
2015-06-01,PHL,Philippines,311521342814.99243,116.03247842845366,46.33184990729593,84048561018.34128,103687681065.43881,-19639120047.097534,5.6048124999999995,59.819545454545455
2015-07-01,PHL,Philippines,312536437129.5265,116.153073287545,46.4976519003265,84182679611.1492,104853417450.6477,-20670737839.498505,5.610125,50.90090909090909
2015-08-01,PHL,Philippines,313551531444.0606,116.27366814663634,46.663453893357065,84316798203.95712,106019153835.85658,-21702355631.89946,5.6154375000000005,42.86761904761905
2015-09-01,PHL,Philippines,314566625758.59467,116.39426300572767,46.829255886387635,84450916796.76503,107184890221.06546,-22733973424.30043,5.62075,45.47952380952381
2015-10-01,PHL,Philippines,315581720073.1288,116.51485786481899,46.9950578794182,84585035389.57295,108350626606.27435,-23765591216.7014,5.6260625,46.22363636363636
2015-11-01,PHL,Philippines,316596814387.66284,116.63545272391033,47.16085987244877,84719153982.38087,109516362991.48323,-24797209009.102356,5.631375,42.4435
2015-12-01,PHL,Philippines,317611908702.19696,116.75604758300167,47.32666186547933,84853272575.18878,110682099376.69212,-25828826801.50334,5.636687500000001,37.18863636363636
2016-01-01,PHL,Philippines,318627003016.731,116.876642442093,47.4924638585099,84987391167.9967,111847835761.901,-26860444593.904297,5.642,31.683157894736844
2016-02-01,PHL,Philippines,319448147498.9001,117.15453494347742,47.735068519777215,85994573799.12297,113097714486.38,-27103140687.257034,5.640770833333334,30.323
2016-03-01,PHL,Philippines,320269291981.0692,117.43242744486183,47.97767318104454,87001756430.24924,114347593210.85901,-27345836780.60977,5.639541666666667,37.54636363636364
2016-04-01,PHL,Philippines,321090436463.2383,117.71031994624624,48.22027784231185,88008939061.3755,115597471935.338,-27588532873.962494,5.6383125000000005,40.7552380952381
2016-05-01,PHL,Philippines,321911580945.40735,117.98821244763067,48.462882503579166,89016121692.50177,116847350659.817,-27831228967.31523,5.637083333333334,46.712380952380954
2016-06-01,PHL,Philippines,322732725427.5764,118.26610494901509,48.70548716484648,90023304323.62804,118097229384.296,-28073925060.66797,5.635854166666667,48.75727272727273
2016-07-01,PHL,Philippines,323553869909.7455,118.5439974503995,48.948091826113796,91030486954.7543,119347108108.775,-28316621154.02069,5.634625,44.6515
2016-08-01,PHL,Philippines,324375014391.9146,118.82188995178392,49.19069648738112,92037669585.88057,120596986833.254,-28559317247.37343,5.633395833333333,44.72434782608696
2016-09-01,PHL,Philippines,325196158874.0837,119.09978245316833,49.43330114864843,93044852217.00684,121846865557.733,-28802013340.726166,5.6321666666666665,45.18238095238095
2016-10-01,PHL,Philippines,326017303356.25275,119.37767495455276,49.67590580991575,94052034848.1331,123096744282.212,-29044709434.078903,5.6309375,49.775238095238095
2016-11-01,PHL,Philippines,326838447838.4219,119.65556745593717,49.91851047118307,95059217479.25937,124346623006.69101,-29287405527.43164,5.629708333333333,45.66095238095238
2016-12-01,PHL,Philippines,327659592320.59094,119.93345995732159,50.161115132450384,96066400110.38564,125596501731.17,-29530101620.784363,5.628479166666667,51.9704761904762
2017-01-01,PHL,Philippines,328480736802.76,120.211352458706,50.4037197937177,97073582741.5119,126846380455.649,-29772797714.1371,5.62725,52.504
2017-02-01,PHL,Philippines,330010833451.4728,120.74322223988491,50.591862307071914,97716904338.40717,128400803534.17392,-30683899195.766754,5.6681875,53.46842105263158
2017-03-01,PHL,Philippines,331540930100.1855,121.27509202106384,50.78000482042613,98360225935.30241,129955226612.69884,-31595000677.396423,5.709125,49.32782608695652
2017-04-01,PHL,Philippines,333071026748.89825,121.80696180224275,50.96814733378035,99003547532.19768,131509649691.22375,-32506102159.026077,5.7500625,51.060526315789474
2017-05-01,PHL,Philippines,334601123397.611,122.33883158342167,51.156289847134566,99646869129.09294,133064072769.74867,-33417203640.65573,5.791,48.47636363636364
2017-06-01,PHL,Philippines,336131220046.3237,122.87070136460059,51.34443236048878,100290190725.98819,134618495848.27359,-34328305122.2854,5.8319375,45.177727272727275
2017-07-01,PHL,Philippines,337661316695.0365,123.4025711457795,51.532574873843004,100933512322.88345,136172918926.7985,-35239406603.91504,5.8728750000000005,46.630526315789474
2017-08-01,PHL,Philippines,339191413343.74927,123.93444092695842,51.72071738719722,101576833919.77872,137727342005.32343,-36150508085.54471,5.9138125,48.03695652173913
2017-09-01,PHL,Philippines,340721509992.462,124.46631070813734,51.908859900551434,102220155516.67397,139281765083.84833,-37061609567.17436,5.95475,49.822
2017-10-01,PHL,Philippines,342251606641.17474,124.99818048931625,52.09700241390565,102863477113.56923,140836188162.37326,-37972711048.80403,5.9956875,51.57772727272727
2017-11-01,PHL,Philippines,343781703289.8875,125.53005027049517,52.285144927259864,103506798710.4645,142390611240.89816,-38883812530.43367,6.036625,56.63857142857143
2017-12-01,PHL,Philippines,345311799938.6002,126.0619200516741,52.47328744061409,104150120307.35974,143945034319.4231,-39794914012.063354,6.0775625,57.8815
2018-01-01,PHL,Philippines,346841896587.313,126.593789832853,52.6614299539683,104793441904.255,145499457397.948,-40706015493.69299,6.1185,63.698571428571434
2018-02-01,PHL,Philippines,349340355391.6316,126.84614034739734,52.589292678782044,104973445482.77042,146079393224.79926,-41105947742.02884,6.199944444444444,62.22947368421052
2018-03-01,PHL,Philippines,351838814195.95013,127.09849086194167,52.51715540359579,105153449061.28584,146659329051.6505,-41505879990.36467,6.2813888888888885,62.724761904761905
2018-04-01,PHL,Philippines,354337273000.26874,127.350841376486,52.44501812840953,105333452639.80125,147239264878.50174,-41905812238.700485,6.362833333333333,66.25380952380952
2018-05-01,PHL,Philippines,356835731804.58734,127.60319189103033,52.372880853223265,105513456218.31667,147819200705.353,-42305744487.03633,6.444277777777777,69.97818181818182
2018-06-01,PHL,Philippines,359334190608.9059,127.85554240557467,52.30074357803701,105693459796.83209,148399136532.20425,-42705676735.37216,6.525722222222221,67.87333333333333
2018-07-01,PHL,Philippines,361832649413.2245,128.107892920119,52.22860630285075,105873463375.3475,148979072359.05548,-43105608983.70798,6.607166666666664,70.98142857142857
2018-08-01,PHL,Philippines,364331108217.5431,128.36024343466335,52.15646902766449,106053466953.86292,149559008185.90674,-43505541232.04382,6.6886111111111095,68.05565217391305
2018-09-01,PHL,Philippines,366829567021.86163,128.61259394920768,52.084331752478235,106233470532.37834,150138944012.758,-43905473480.379654,6.770055555555553,70.2321052631579
2018-10-01,PHL,Philippines,369328025826.18024,128.864944463752,52.01219447729197,106413474110.89375,150718879839.60925,-44305405728.7155,6.851499999999997,70.74869565217391
2018-11-01,PHL,Philippines,371826484630.49884,129.11729497829634,51.94005720210571,106593477689.40916,151298815666.4605,-44705337977.051346,6.932944444444441,56.963499999999996
2018-12-01,PHL,Philippines,374324943434.8174,129.36964549284068,51.867919926919456,106773481267.92459,151878751493.31174,-45105270225.387146,7.0143888888888855,49.522777777777776
2019-01-01,PHL,Philippines,376823402239.136,129.621996007385,51.7957826517332,106953484846.44,152458687320.163,-45505202473.72299,7.09583333333333,51.37571428571429
2019-02-01,PHL,Philippines,375567380840.1744,129.88050141252793,51.614808764308165,105638324433.48544,149691920944.02292,-44053596510.537476,7.09583333333333,54.95473684210527
2019-03-01,PHL,Philippines,374311359441.2128,130.13900681767083,51.43383487688313,104323164020.53087,146925154567.8828,-42601990547.351944,7.09583333333333,58.151428571428575
2019-04-01,PHL,Philippines,373055338042.2512,130.39751222281376,51.2528609894581,103008003607.5763,144158388191.74274,-41150384584.16644,7.09583333333333,63.862380952380946
2019-05-01,PHL,Philippines,371799316643.2897,130.65601762795666,51.07188710203307,101692843194.62173,141391621815.60266,-39698778620.98093,7.09583333333333,60.82681818181818
2019-06-01,PHL,Philippines,370543295244.32806,130.91452303309958,50.890913214608034,100377682781.66718,138624855439.4626,-38247172657.79541,7.09583333333333,54.657500000000006
2019-07-01,PHL,Philippines,369287273845.36646,131.1730284382425,50.709939327182994,99062522368.7126,135858089063.3225,-36795566694.60989,7.09583333333333,57.35809523809524
2019-08-01,PHL,Philippines,368031252446.4049,131.4315338433854,50.52896543975796,97747361955.75803,133091322687.1824,-35343960731.42438,7.09583333333333,54.80590909090909
2019-09-01,PHL,Philippines,366775231047.4433,131.69003924852834,50.34799155233293,96432201542.80347,130324556311.04233,-33892354768.23886,7.09583333333333,56.947
2019-10-01,PHL,Philippines,365519209648.48175,131.94854465367123,50.167017664907895,95117041129.8489,127557789934.90225,-32440748805.053345,7.09583333333333,53.96304347826087
2019-11-01,PHL,Philippines,364263188249.52014,132.20705005881416,49.98604377748286,93801880716.89433,124791023558.76216,-30989142841.86783,7.09583333333333,57.048947368421054
2019-12-01,PHL,Philippines,363007166850.5586,132.46555546395706,49.80506989005783,92486720303.93976,122024257182.62207,-29537536878.682312,7.09583333333333,59.81666666666667
2020-01-01,PHL,Philippines,361751145451.597,132.7240608691,49.6240960026328,91171559890.9852,119257490806.482,-28085930915.496796,7.09583333333333,57.519047619047626
2020-02-01,PHL,Philippines,364445829984.6397,133.1584202913469,49.59330447981683,92031056109.04485,121710975590.68091,-29679919481.636063,7.09583333333333,50.54263157894737
2020-03-01,PHL,Philippines,367140514517.6825,133.5927797135938,49.56251295700086,92890552327.10449,124164460374.87982,-31273908047.77533,7.09583333333333,29.207727272727276
2020-04-01,PHL,Philippines,369835199050.7252,134.02713913584074,49.531721434184895,93750048545.16415,126617945159.07874,-32867896613.91458,7.09583333333333,16.547619047619047
2020-05-01,PHL,Philippines,372529883583.768,134.46149855808767,49.50092991136893,94609544763.2238,129071429943.27766,-34461885180.05386,7.09583333333333,28.5625
2020-06-01,PHL,Philippines,375224568116.8107,134.89585798033457,49.47013838855296,95469040981.28345,131524914727.47658,-36055873746.19313,7.09583333333333,38.307272727272725
2020-07-01,PHL,Philippines,377919252649.8535,135.3302174025815,49.439346865736994,96328537199.34311,133978399511.67549,-37649862312.33238,7.09583333333333,40.710454545454546
2020-08-01,PHL,Philippines,380613937182.89624,135.76457682482842,49.408555342921034,97188033417.40276,136431884295.8744,-39243850878.47165,7.09583333333333,42.33904761904762
2020-09-01,PHL,Philippines,383308621715.93896,136.19893624707532,49.377763820105066,98047529635.4624,138885369080.07333,-40837839444.61093,7.09583333333333,39.63428571428571
2020-10-01,PHL,Philippines,386003306248.98175,136.63329566932225,49.3469722972891,98907025853.52205,141338853864.27225,-42431828010.7502,7.09583333333333,39.39590909090909
2020-11-01,PHL,Philippines,388697990782.0245,137.06765509156918,49.31618077447313,99766522071.5817,143792338648.47116,-44025816576.889465,7.09583333333333,40.93736842105263
2020-12-01,PHL,Philippines,391392675315.06726,137.50201451381608,49.285389251657165,100626018289.64136,146245823432.67007,-45619805143.02872,7.09583333333333,47.025
2021-01-01,PHL,Philippines,394087359848.11,137.936373936063,49.2545977288412,101485514507.701,148699308216.869,-47213793709.167984,7.09583333333333,52.008421052631576
2021-02-01,PHL,Philippines,394942860661.1534,138.60549847114393,49.68986340453818,102593839523.19383,151148236830.50208,-48554397307.30824,7.09583333333333,59.04631578947369
2021-03-01,PHL,Philippines,395798361474.19684,139.27462300622483,50.12512908023516,103702164538.68668,153597165444.13516,-49895000905.44849,7.09583333333333,62.333043478260876
2021-04-01,PHL,Philippines,396653862287.24023,139.94374754130575,50.56039475593215,104810489554.1795,156046094057.76825,-51235604503.588745,7.09583333333333,61.71666666666666
2021-05-01,PHL,Philippines,397509363100.2836,140.61287207638668,50.99566043162913,105918814569.67233,158495022671.40134,-52576208101.729004,7.09583333333333,65.1695
2021-06-01,PHL,Philippines,398364863913.3271,141.28199661146758,51.430926107326115,107027139585.16518,160943951285.03442,-53916811699.86925,7.09583333333333,71.37818181818182
2021-07-01,PHL,Philippines,399220364726.3705,141.9511211465485,51.8661917830231,108135464600.658,163392879898.66748,-55257415298.009476,7.09583333333333,72.4852380952381
2021-08-01,PHL,Philippines,400075865539.4139,142.62024568162943,52.30145745872008,109243789616.15083,165841808512.30057,-56598018896.149734,7.09583333333333,67.73045454545455
2021-09-01,PHL,Philippines,400931366352.45734,143.28937021671032,52.73672313441706,110352114631.64368,168290737125.93365,-57938622494.28998,7.09583333333333,71.64619047619047
2021-10-01,PHL,Philippines,401786867165.50073,143.95849475179125,53.171988810114044,111460439647.1365,170739665739.56674,-59279226092.43024,7.09583333333333,81.47666666666666
2021-11-01,PHL,Philippines,402642367978.5441,144.62761928687218,53.60725448581103,112568764662.62933,173188594353.19983,-60619829690.570496,7.09583333333333,79.14750000000001
2021-12-01,PHL,Philippines,403497868791.5876,145.29674382195307,54.042520161508016,113677089678.12218,175637522966.83292,-61960433288.71074,7.09583333333333,71.71181818181819
2022-01-01,PHL,Philippines,404353369604.631,145.965868357034,54.477785837205,114785414693.615,178086451580.466,-63301036886.851,7.09583333333333,83.22200000000001
2022-02-01,PHL,Philippines,407078557741.2804,146.69302471775916,54.573833952704,114921450885.14091,178099657348.4456,-63178206463.30467,7.09583333333333,91.64105263157894
2022-03-01,PHL,Philippines,409803745877.9298,147.42018107848435,54.669882068202995,115057487076.66684,178112863116.42517,-63055376039.75833,7.09583333333333,108.50260869565217
2022-04-01,PHL,Philippines,412528934014.5792,148.1473374392095,54.765930183702,115193523268.19275,178126068884.40475,-62932545616.212006,7.09583333333333,101.7775
2022-05-01,PHL,Philippines,415254122151.22864,148.87449379993467,54.861978299201,115329559459.71867,178139274652.38434,-62809715192.665665,7.09583333333333,109.55238095238094
2022-06-01,PHL,Philippines,417979310287.87805,149.60165016065983,54.9580264147,115465595651.24458,178152480420.36392,-62686884769.11934,7.09583333333333,114.83714285714285
2022-07-01,PHL,Philippines,420704498424.52747,150.328806521385,55.054074530199,115601631842.77051,178165686188.3435,-62564054345.573,7.09583333333333,101.619
2022-08-01,PHL,Philippines,423429686561.17694,151.05596288211018,55.150122645698,115737668034.29642,178178891956.3231,-62441223922.02667,7.09583333333333,93.66521739130435
2022-09-01,PHL,Philippines,426154874697.82635,151.78311924283534,55.246170761197,115873704225.82233,178192097724.30267,-62318393498.48035,7.09583333333333,84.25809523809524
2022-10-01,PHL,Philippines,428880062834.47577,152.5102756035605,55.342218876696,116009740417.34825,178205303492.28226,-62195563074.934006,7.09583333333333,87.5547619047619
2022-11-01,PHL,Philippines,431605250971.1252,153.2374319642857,55.438266992195,116145776608.87416,178218509260.26184,-62072732651.38768,7.09583333333333,84.37047619047618
2022-12-01,PHL,Philippines,434330439107.7746,153.96458832501085,55.534315107694,116281812800.40009,178231715028.24142,-61949902227.84134,7.09583333333333,76.43714285714286
2023-01-01,PHL,Philippines,437055627244.424,154.691744685736,55.630363223193,116417848991.926,178244920796.221,-61827071804.29501,7.09583333333333,78.123
2023-02-01,PHL,Philippines,439102450789.2516,155.105880896016,55.76872087709137,116630921346.34033,178821524092.4034,-62190602746.06308,7.09583333333333,76.83263157894737
2023-03-01,PHL,Philippines,441149274334.07916,155.520017106296,55.907078530989736,116843993700.75467,179398127388.58585,-62554133687.83118,7.09583333333333,73.27782608695652
2023-04-01,PHL,Philippines,443196097878.90674,155.93415331657602,56.0454361848881,117057066055.16899,179974730684.76825,-62917664629.59926,7.09583333333333,79.44631578947369
2023-05-01,PHL,Philippines,445242921423.7343,156.348289526856,56.183793838786464,117270138409.58333,180551333980.95068,-63281195571.367355,7.09583333333333,71.57818181818182
2023-06-01,PHL,Philippines,447289744968.5619,156.762425737136,56.32215149268483,117483210763.99767,181127937277.1331,-63644726513.13542,7.09583333333333,70.24809523809525
2023-07-01,PHL,Philippines,449336568513.3895,157.17656194741602,56.4605091465832,117696283118.41199,181704540573.3155,-64008257454.9035,7.09583333333333,76.0695
2023-08-01,PHL,Philippines,451383392058.2171,157.590698157696,56.59886680048157,117909355472.82632,182281143869.49792,-64371788396.6716,7.09583333333333,81.38608695652174
2023-09-01,PHL,Philippines,453430215603.0447,158.004834367976,56.737224454379934,118122427827.24066,182857747165.68033,-64735319338.43967,7.09583333333333,89.425
2023-10-01,PHL,Philippines,455477039147.87225,158.418970578256,56.875582108278294,118335500181.655,183434350461.86276,-65098850280.20776,7.09583333333333,85.63952380952381
2023-11-01,PHL,Philippines,457523862692.6998,158.83310678853599,57.01393976217666,118548572536.06934,184010953758.04517,-65462381221.97583,7.09583333333333,77.685
2023-12-01,PHL,Philippines,459570686237.5274,159.247242998816,57.15229741607503,118761644890.48366,184587557054.2276,-65825912163.74394,7.09583333333333,71.9
2024-01-01,PHL,Philippines,461617509782.355,159.661379209096,57.2906550699734,118974717244.898,185164160350.41,-66189443105.51201,7.09583333333333,74.15238095238095
2006-01-01,THA,Thailand,221758296021.621,90.5854588383715,37.8819832215363,152293268280.069,145055658781.115,7237609498.95401,6.27380728455047,65.485
2006-02-01,THA,Thailand,225190323141.07367,90.75466801813862,37.60166633571672,154693376405.76224,146334145701.5759,8359230704.18634,6.254870707668746,61.631052631578946
2006-03-01,THA,Thailand,228622350260.52634,90.92387719790574,37.321349449897134,157093484531.4555,147612632622.03683,9480851909.41867,6.2359341307870215,62.68521739130435
2006-04-01,THA,Thailand,232054377379.979,91.09308637767288,37.041032564077554,159493592657.14874,148891119542.49774,10602473114.651001,6.216997553905298,69.44368421052631
2006-05-01,THA,Thailand,235486404499.43167,91.26229555744,36.76071567825797,161893700782.842,150169606462.95865,11724094319.883362,6.198060977023573,70.84409090909091
2006-06-01,THA,Thailand,238918431618.88434,91.43150473720712,36.480398792438386,164293808908.53525,151448093383.4196,12845715525.115662,6.179124400141849,70.9509090909091
2006-07-01,THA,Thailand,242350458738.337,91.60071391697426,36.200081906618806,166693917034.22852,152726580303.8805,13967336730.348022,6.1601878232601255,74.41105263157894
2006-08-01,THA,Thailand,245782485857.78967,91.76992309674138,35.91976502079922,169094025159.92175,154005067224.3414,15088957935.580353,6.141251246378401,73.04304347826087
2006-09-01,THA,Thailand,249214512977.24234,91.9391322765085,35.63944813497964,171494133285.615,155283554144.80234,16210579140.812653,6.122314669496677,63.798
2006-10-01,THA,Thailand,252646540096.695,92.10834145627562,35.35913124916005,173894241411.30826,156562041065.26324,17332200346.045013,6.103378092614952,58.89318181818182
2006-11-01,THA,Thailand,256078567216.14767,92.27755063604275,35.07881436334047,176294349537.0015,157840527985.72415,18453821551.277344,6.084441515733229,59.0825
2006-12-01,THA,Thailand,259510594335.60034,92.44675981580988,34.79849747752088,178694457662.69476,159119014906.1851,19575442756.509674,6.065504938851504,61.959
2007-01-01,THA,Thailand,262942621455.053,92.615968995577,34.5181805917013,181094565788.388,160397501826.646,20697063961.742004,6.04656836196978,54.50619047619048
2007-02-01,THA,Thailand,265312651536.37784,93.03802687362729,34.417773929162344,183344626058.17618,163790565311.0104,19554060747.16577,6.027845014544084,59.27894736842105
2007-03-01,THA,Thailand,267682681617.70267,93.46008475167757,34.317367266623386,185594686327.96432,167183628795.37482,18411057532.589508,6.0091216671183885,60.441818181818185
2007-04-01,THA,Thailand,270052711699.0275,93.88214262972785,34.21696060408443,187844746597.7525,170576692279.73926,17268054318.013245,5.990398319692693,63.977
2007-05-01,THA,Thailand,272422741780.35233,94.30420050777813,34.11655394154547,190094806867.54068,173969755764.10367,16125051103.437012,5.971674972266997,63.45454545454545
2007-06-01,THA,Thailand,274792771861.67715,94.72625838582842,34.01614727900651,192344867137.32883,177362819248.46808,14982047888.860748,5.952951624841301,67.48904761904762
2007-07-01,THA,Thailand,277162801943.002,95.14831626387871,33.91574061646755,194594927407.117,180755882732.83252,13839044674.284485,5.934228277415605,74.11761904761904
2007-08-01,THA,Thailand,279532832024.32684,95.570374141929,33.815333953928594,196844987676.90518,184148946217.19693,12696041459.708252,5.915504929989909,72.35608695652174
2007-09-01,THA,Thailand,281902862105.6517,95.99243201997928,33.714927291389635,199095047946.69333,187542009701.56134,11553038245.131989,5.896781582564214,79.91473684210526
2007-10-01,THA,Thailand,284272892186.9765,96.41448989802956,33.61452062885068,201345108216.4815,190935073185.92575,10410035030.555756,5.878058235138518,85.7986956521739
2007-11-01,THA,Thailand,286642922268.30133,96.83654777607984,33.51411396631172,203595168486.26968,194328136670.29016,9267031815.979523,5.859334887712822,94.77238095238096
2007-12-01,THA,Thailand,289012952349.62616,97.25860565413012,33.41370730377276,205845228756.05783,197721200154.6546,8124028601.403229,5.840611540287126,91.687
2008-01-01,THA,Thailand,291382982430.951,97.6806635321804,33.3133006412338,208095289025.846,201114263639.019,6981025386.826996,5.82188819286143,92.97047619047619
2008-02-01,THA,Thailand,290576953077.315,97.61182177463262,33.39434009808299,205881550051.5685,197226759180.89252,8654790870.675995,5.734730638510524,95.386
2008-03-01,THA,Thailand,289770923723.67896,97.54298001708483,33.47537955493218,203667811077.29102,193339254722.76602,10328556354.524994,5.647573084159618,105.454
2008-04-01,THA,Thailand,288964894370.04297,97.47413825953706,33.55641901178137,201454072103.0135,189451750264.63953,12002321838.373962,5.560415529808713,112.58045454545454
2008-05-01,THA,Thailand,288158865016.407,97.40529650198927,33.63745846863057,199240333128.736,185564245806.513,13676087322.222992,5.473257975457807,125.39761904761905
2008-06-01,THA,Thailand,287352835662.771,97.33645474444148,33.71849792547976,197026594154.4585,181676741348.3865,15349852806.071991,5.386100421106901,133.88
2008-07-01,THA,Thailand,286546806309.135,97.26761298689371,33.79953738232895,194812855180.181,177789236890.26,17023618289.92099,5.298942866755995,133.3709090909091
2008-08-01,THA,Thailand,285740776955.49896,97.19877122934592,33.88057683917814,192599116205.9035,173901732432.1335,18697383773.76999,5.211785312405089,116.66619047619047
2008-09-01,THA,Thailand,284934747601.863,97.12992947179814,33.96161629602733,190385377231.626,170014227974.00702,20371149257.618988,5.124627758054183,104.11428571428571
2008-10-01,THA,Thailand,284128718248.227,97.06108771425035,34.04265575287653,188171638257.3485,166126723515.8805,22044914741.468018,5.037470203703277,76.6086956521739
2008-11-01,THA,Thailand,283322688894.59094,96.99224595670256,34.12369520972572,185957899283.07098,162239219057.754,23718680225.316986,4.950312649352372,57.30947368421053
2008-12-01,THA,Thailand,282516659540.95496,96.92340419915479,34.20473466657491,183744160308.7935,158351714599.6275,25392445709.165985,4.863155095001466,41.121818181818185
2009-01-01,THA,Thailand,281710630187.319,96.854562441607,34.2857741234241,181530421334.516,154464210141.501,27066211193.014984,4.77599754065056,41.71
2009-02-01,THA,Thailand,286660141532.4732,97.11668223813975,34.06910169647209,185301845022.97116,158864700321.53226,26437144701.438904,4.739167738837825,39.08736842105263
2009-03-01,THA,Thailand,291609652877.62744,97.3788020346725,33.85242926952008,189073268711.42633,163265190501.5635,25808078209.862823,4.70233793702509,47.939090909090915
2009-04-01,THA,Thailand,296559164222.78174,97.64092183120525,33.63575684256807,192844692399.8815,167665680681.59476,25179011718.286743,4.665508135212355,49.64666666666666
2009-05-01,THA,Thailand,301508675567.936,97.903041627738,33.41908441561606,196616116088.33667,172066170861.626,24549945226.710663,4.62867833339962,59.028499999999994
2009-06-01,THA,Thailand,306458186913.0902,98.16516142427075,33.20241198866405,200387539776.79184,176466661041.65726,23920878735.134583,4.591848531586885,69.64090909090909
2009-07-01,THA,Thailand,311407698258.2445,98.42728122080351,32.98573956171205,204158963465.247,180867151221.6885,23291812243.558502,4.55501872977415,64.15227272727272
2009-08-01,THA,Thailand,316357209603.39874,98.68940101733625,32.76906713476004,207930387153.70215,185267641401.71976,22662745751.98239,4.518188927961415,71.04476190476191
2009-09-01,THA,Thailand,321306720948.553,98.951520813869,32.552394707808034,211701810842.15732,189668131581.751,22033679260.40631,4.48135912614868,69.40809523809523
2009-10-01,THA,Thailand,326256232293.7072,99.21364061040175,32.335722280856025,215473234530.6125,194068621761.78226,21404612768.83023,4.444529324335945,75.71545454545455
2009-11-01,THA,Thailand,331205743638.86145,99.4757604069345,32.119049853904016,219244658219.06766,198469111941.8135,20775546277.25415,4.40769952252321,77.99
2009-12-01,THA,Thailand,336155254984.01575,99.73788020346726,31.902377426952008,223016081907.52283,202869602121.84476,20146479785.67807,4.370869720710475,74.47
2010-01-01,THA,Thailand,341104766329.17,100.0,31.685705,226787505595.978,207270092301.876,19517413294.10199,4.33403991889774,78.32578947368421
2010-02-01,THA,Thailand,343580930770.3743,100.31739921511634,31.586207361111107,229783820290.0609,211264193169.1664,18519627120.8945,4.395167226770618,76.38736842105263
2010-03-01,THA,Thailand,346057095211.5787,100.63479843023266,31.486709722222216,232780134984.14383,215258294036.45685,17521840947.68698,4.456294534643496,81.20347826086957
2010-04-01,THA,Thailand,348533259652.78296,100.952197645349,31.387212083333324,235776449678.22675,219252394903.74725,16524054774.479492,4.517421842516375,84.29285714285714
2010-05-01,THA,Thailand,351009424093.9873,101.26959686046533,31.287714444444433,238772764372.30966,223246495771.03766,15526268601.272003,4.578549150389253,73.7435
2010-06-01,THA,Thailand,353485588535.19165,101.58699607558167,31.18821680555554,241769079066.39258,227240596638.3281,14528482428.064484,4.639676458262131,75.3359090909091
2010-07-01,THA,Thailand,355961752976.396,101.904395290698,31.08871916666665,244765393760.4755,231234697505.6185,13530696254.856995,4.70080376613501,76.31952380952382
2010-08-01,THA,Thailand,358437917417.60034,102.22179450581433,30.989221527777758,247761708454.5584,235228798372.9089,12532910081.649506,4.761931074007888,76.59909090909092
2010-09-01,THA,Thailand,360914081858.8047,102.53919372093067,30.889723888888867,250758023148.64133,239222899240.19934,11535123908.441986,4.823058381880767,75.24190476190476
2010-10-01,THA,Thailand,363390246300.00903,102.856592936047,30.790226249999975,253754337842.72424,243217000107.48975,10537337735.234497,4.884185689753645,81.89285714285714
2010-11-01,THA,Thailand,365866410741.2133,103.17399215116333,30.690728611111084,256750652536.80716,247211100974.78015,9539551562.027008,4.945312997626523,84.25285714285714
2010-12-01,THA,Thailand,368342575182.41766,103.49139136627966,30.591230972222192,259746967230.89008,251205201842.07056,8541765388.819519,5.006440305499401,89.14590909090909
2011-01-01,THA,Thailand,370818739623.622,103.808790581396,30.4917333333333,262743281924.973,255199302709.361,7543979215.6119995,5.06756761337228,89.1705
2011-02-01,THA,Thailand,373047038428.2018,104.06960147403532,30.541013194444417,263691456566.95123,256700761003.65674,6990695563.294495,5.077546487803519,88.57842105263158
2011-03-01,THA,Thailand,375275337232.7815,104.33041236667466,30.590293055555534,264639631208.9295,258202219297.95248,6437411910.97702,5.08752536223476,102.85652173913043
2011-04-01,THA,Thailand,377503636037.36127,104.591223259314,30.63957291666665,265587805850.90775,259703677592.24823,5884128258.659515,5.0975042366659995,109.5325
2011-05-01,THA,Thailand,379731934841.941,104.85203415195333,30.688852777777768,266535980492.886,261205135886.544,5330844606.34198,5.10748311109724,100.90047619047618
2011-06-01,THA,Thailand,381960233646.52075,105.11284504459266,30.738132638888885,267484155134.86426,262706594180.83975,4777560954.024506,5.11746198552848,96.26409090909091
2011-07-01,THA,Thailand,384188532451.10046,105.373655937232,30.787412500000002,268432329776.8425,264208052475.1355,4224277301.7070007,5.127440859959719,97.3035
2011-08-01,THA,Thailand,386416831255.68024,105.63446682987134,30.836692361111115,269380504418.82074,265709510769.43124,3670993649.389496,5.13741973439096,86.33304347826088
2011-09-01,THA,Thailand,388645130060.26,105.89527772251067,30.885972222222232,270328679060.799,267210969063.727,3117709997.0720215,5.1473986088222,85.51523809523809
2011-10-01,THA,Thailand,390873428864.8397,106.15608861515,30.93525208333335,271276853702.77725,268712427358.02277,2564426344.754486,5.15737748325344,86.32238095238095
2011-11-01,THA,Thailand,393101727669.4195,106.41689950778934,30.984531944444466,272225028344.7555,270213885652.3185,2011142692.4369812,5.16735635768468,97.16047619047619
2011-12-01,THA,Thailand,395330026473.9992,106.67771040042868,31.033811805555583,273173202986.73376,271715343946.61426,1457859040.1195068,5.1773352321159205,98.56285714285715
2012-01-01,THA,Thailand,397558325278.579,106.938521293068,31.0830916666667,274121377628.712,273216802240.91,904575387.802002,5.18731410654716,100.2735
2012-02-01,THA,Thailand,399456269388.0763,107.13322837461001,31.053331250000035,274806505501.676,273318785878.23618,1487719623.4398193,5.17674073104426,102.204
2012-03-01,THA,Thailand,401354213497.57367,107.327935456152,31.023570833333366,275491633374.64,273420769515.56235,2070863859.0776672,5.16616735554136,106.15772727272729
2012-04-01,THA,Thailand,403252157607.071,107.522642537694,30.9938104166667,276176761247.604,273522753152.8885,2654008094.715515,5.15559398003846,103.321
2012-05-01,THA,Thailand,405150101716.5683,107.717349619236,30.964050000000032,276861889120.568,273624736790.21466,3237152330.3533325,5.14502060453556,94.65454545454546
2012-06-01,THA,Thailand,407048045826.0657,107.91205670077801,30.934289583333367,277547016993.53204,273726720427.54083,3820296565.991211,5.13444722903266,82.30333333333333
2012-07-01,THA,Thailand,408945989935.563,108.10676378232,30.9045291666667,278232144866.49603,273828704064.867,4403440801.629028,5.12387385352976,87.8952380952381
2012-08-01,THA,Thailand,410843934045.0603,108.301470863862,30.874768750000033,278917272739.46,273930687702.19318,4986585037.266846,5.11330047802686,94.13130434782609
2012-09-01,THA,Thailand,412741878154.5577,108.496177945404,30.845008333333368,279602400612.424,274032671339.51935,5569729272.904663,5.10272710252396,94.51368421052632
2012-10-01,THA,Thailand,414639822264.055,108.690885026946,30.8152479166667,280287528485.388,274134654976.84552,6152873508.54248,5.09215372702106,89.4913043478261
2012-11-01,THA,Thailand,416537766373.5523,108.885592108488,30.785487500000034,280972656358.35205,274236638614.17166,6736017744.180389,5.081580351518159,86.53142857142858
2012-12-01,THA,Thailand,418435710483.0497,109.08029919002999,30.755727083333365,281657784231.31604,274338622251.49783,7319161979.818207,5.071006976015259,87.8595
2013-01-01,THA,Thailand,420333654592.547,109.275006271572,30.7259666666667,282342912104.28,274440605888.824,7902306215.456024,5.06043360051236,94.75666666666667
2013-02-01,THA,Thailand,419250770059.639,109.44758263336817,30.872122222222252,282030670572.02246,272789986647.42218,9240683924.60028,5.05116014614685,95.30894736842104
2013-03-01,THA,Thailand,418167885526.731,109.62015899516433,31.0182777777778,281718429039.7649,271139367406.02032,10579061633.744568,5.04188669178134,92.9385
2013-04-01,THA,Thailand,417085000993.823,109.79273535696049,31.16443333333335,281406187507.50726,269488748164.6185,11917439342.888763,5.03261323741583,92.02136363636363
2013-05-01,THA,Thailand,416002116460.915,109.96531171875667,31.3105888888889,281093945975.2497,267838128923.21667,13255817052.03302,5.02333978305032,94.50954545454546
2013-06-01,THA,Thailand,414919231928.007,110.13788808055284,31.456744444444453,280781704442.9921,266187509681.81485,14594194761.177277,5.01406632868481,95.77250000000001
2013-07-01,THA,Thailand,413836347395.099,110.310464442349,31.6029,280469462910.7345,264536890440.41302,15932572470.321472,5.0047928743193,104.67090909090908
2013-08-01,THA,Thailand,412753462862.191,110.48304080414516,31.74905555555555,280157221378.4769,262886271199.01117,17270950179.46576,4.99551941995379,106.57272727272726
2013-09-01,THA,Thailand,411670578329.283,110.65561716594134,31.895211111111102,279844979846.21936,261235651957.60934,18609327888.610016,4.98624596558828,106.2895
2013-10-01,THA,Thailand,410587693796.375,110.82819352773751,32.041366666666654,279532738313.9618,259585032716.20752,19947705597.754272,4.97697251122277,100.53826086956522
2013-11-01,THA,Thailand,409504809263.467,111.00076988953367,32.1875222222222,279220496781.7042,257934413474.80566,21286083306.89856,4.96769905685726,93.864
2013-12-01,THA,Thailand,408421924730.559,111.17334625132983,32.33367777777775,278908255249.4466,256283794233.40384,22624461016.042755,4.95842560249175,97.6252380952381
2014-01-01,THA,Thailand,407339040197.651,111.345922613126,32.4798333333333,278596013717.189,254633174992.002,23962838725.18701,4.94915214812624,94.61714285714285
2014-02-01,THA,Thailand,406835473366.85376,111.262373739558,32.62715694444442,277998303717.2436,252543191602.40952,25455112114.834076,4.931045718179898,100.81736842105263
2014-03-01,THA,Thailand,406331906536.0565,111.17882486599001,32.774480555555535,277400593717.2982,250453208212.81702,26947385504.4812,4.912939288233557,100.80380952380953
2014-04-01,THA,Thailand,405828339705.2593,111.095275992422,32.921804166666654,276802883717.3528,248363224823.22452,28439658894.128265,4.894832858287215,102.06904761904761
2014-05-01,THA,Thailand,405324772874.462,111.01172711885401,33.069127777777766,276205173717.40735,246273241433.63202,29931932283.77533,4.8767264283408736,102.17714285714285
2014-06-01,THA,Thailand,404821206043.66473,110.928178245286,33.216451388888885,275607463717.4619,244183258044.03952,31424205673.422394,4.8586199983945315,105.7942857142857
2014-07-01,THA,Thailand,404317639212.8675,110.84462937171801,33.363775000000004,275009753717.5165,242093274654.44702,32916479063.069458,4.8405135684481895,103.58863636363638
2014-08-01,THA,Thailand,403814072382.07025,110.76108049815001,33.511098611111116,274412043717.5711,240003291264.8545,34408752452.71661,4.822407138501848,96.53619047619047
2014-09-01,THA,Thailand,403310505551.273,110.677531624582,33.658422222222235,273814333717.62567,237913307875.262,35901025842.36368,4.804300708555506,93.21190476190476
2014-10-01,THA,Thailand,402806938720.4757,110.59398275101401,33.80574583333335,273216623717.68024,235823324485.6695,37393299232.01074,4.786194278609165,84.39695652173914
2014-11-01,THA,Thailand,402303371889.67847,110.510433877446,33.953069444444466,272618913717.73483,233733341096.077,38885572621.65784,4.768087848662823,75.78947368421052
2014-12-01,THA,Thailand,401799805058.8812,110.42688500387801,34.10039305555558,272021203717.78943,231643357706.4845,40377846011.30493,4.749981418716482,59.29045454545455
2015-01-01,THA,Thailand,401296238228.084,110.34333613031,34.2477166666667,271423493717.844,229553374316.892,41870119400.951996,4.73187498877014,47.219
2015-02-01,THA,Thailand,402302080854.70264,110.36063701871068,34.33510555555558,271908907975.2975,228854672368.6136,43054235606.6839,4.709914199997551,50.58421052631579
2015-03-01,THA,Thailand,403307923481.3213,110.37793790711135,34.42249444444447,272394322232.751,228155970420.33517,44238351812.41583,4.687953411224964,47.82363636363636
2015-04-01,THA,Thailand,404313766107.94,110.395238795512,34.50988333333335,272879736490.2045,227457268472.05676,45422468018.147736,4.665992622452375,54.45285714285714
2015-05-01,THA,Thailand,405319608734.55865,110.41253968391267,34.59727222222223,273365150747.658,226758566523.77832,46606584223.87967,4.644031833679787,59.265
2015-06-01,THA,Thailand,406325451361.1773,110.42984057231334,34.68466111111112,273850565005.1115,226059864575.4999,47790700429.6116,4.622071044907198,59.819545454545455
2015-07-01,THA,Thailand,407331293987.796,110.447141460714,34.77205,274335979262.565,225361162627.2215,48974816635.343506,4.600110256134609,50.90090909090909
2015-08-01,THA,Thailand,408337136614.4147,110.46444234911466,34.85943888888888,274821393520.0185,224662460678.94308,50158932841.07541,4.578149467362022,42.86761904761905
2015-09-01,THA,Thailand,409342979241.0333,110.48174323751533,34.94682777777777,275306807777.472,223963758730.66467,51343049046.80731,4.556188678589433,45.47952380952381
2015-10-01,THA,Thailand,410348821867.652,110.499044125916,35.03421666666665,275792222034.92554,223265056782.38623,52527165252.53931,4.534227889816845,46.22363636363636
2015-11-01,THA,Thailand,411354664494.2706,110.51634501431667,35.12160555555553,276277636292.379,222566354834.10782,53711281458.27121,4.512267101044257,42.4435
2015-12-01,THA,Thailand,412360507120.88934,110.53364590271732,35.20899444444442,276763050549.8325,221867652885.8294,54895397664.00311,4.490306312271668,37.18863636363636
2016-01-01,THA,Thailand,413366349747.508,110.550946791118,35.2963833333333,277248464807.286,221168950937.551,56079513869.735016,4.46834552349908,31.683157894736844
2016-02-01,THA,Thailand,416948888396.6127,110.61226865445167,35.18333564361268,279499927218.2007,223357392720.83817,56142534497.36252,4.464031965985267,30.323
2016-03-01,THA,Thailand,420531427045.71735,110.67359051778533,35.07028795389205,281751389629.11536,225545834504.12534,56205555124.99002,4.4597184084714545,37.54636363636364
2016-04-01,THA,Thailand,424113965694.822,110.73491238111899,34.957240264171425,284002852040.03,227734276287.4125,56268575752.61752,4.455404850957643,40.7552380952381
2016-05-01,THA,Thailand,427696504343.92664,110.79623424445266,34.8441925744508,286254314450.9447,229922718070.69968,56331596380.245026,4.45109129344383,46.712380952380954
2016-06-01,THA,Thailand,431279042993.0313,110.85755610778634,34.73114488473018,288505776861.8594,232111159853.98685,56394617007.87253,4.446777735930017,48.75727272727273
2016-07-01,THA,Thailand,434861581642.136,110.91887797112,34.618097195009554,290757239272.77405,234299601637.274,56457637635.50006,4.4424641784162056,44.6515
2016-08-01,THA,Thailand,438444120291.24066,110.98019983445366,34.50504950528892,293008701683.68866,236488043420.56116,56520658263.1275,4.438150620902393,44.72434782608696
2016-09-01,THA,Thailand,442026658940.34534,111.04152169778733,34.3920018155683,295260164094.60333,238676485203.84833,56583678890.755005,4.43383706338858,45.18238095238095
2016-10-01,THA,Thailand,445609197589.44995,111.102843561121,34.278954125847676,297511626505.518,240864926987.1355,56646699518.38251,4.4295235058747675,49.775238095238095
2016-11-01,THA,Thailand,449191736238.5546,111.16416542445467,34.165906436127045,299763088916.4327,243053368770.42267,56709720146.01001,4.425209948360955,45.66095238095238
2016-12-01,THA,Thailand,452774274887.6593,111.22548728778833,34.05285874640642,302014551327.34735,245241810553.70984,56772740773.63751,4.420896390847143,51.9704761904762
2017-01-01,THA,Thailand,456356813536.764,111.286809151122,33.9398110566858,304266013738.262,247430252336.997,56835761401.265015,4.41658283333333,52.504
2017-02-01,THA,Thailand,460556596442.4074,111.385473953367,33.804012280557465,306291327983.96875,250461185504.9116,55830142479.05716,4.394089819444442,53.46842105263158
2017-03-01,THA,Thailand,464756379348.0508,111.48413875561201,33.66821350442913,308316642229.67554,253492118672.82617,54824523556.849365,4.371596805555553,49.32782608695652
2017-04-01,THA,Thailand,468956162253.6942,111.582803557857,33.5324147283008,310341956475.38226,256523051840.74075,53818904634.64151,4.349103791666665,51.060526315789474
2017-05-01,THA,Thailand,473155945159.33765,111.681468360102,33.39661595217247,312367270721.089,259553985008.65533,52813285712.433655,4.326610777777777,48.47636363636364
2017-06-01,THA,Thailand,477355728064.9811,111.780133162347,33.260817176044135,314392584966.7958,262584918176.56992,51807666790.22586,4.304117763888889,45.177727272727275
2017-07-01,THA,Thailand,481555510970.6245,111.878797964592,33.1250183999158,316417899212.5025,265615851344.4845,50802047868.018005,4.281624750000001,46.630526315789474
2017-08-01,THA,Thailand,485755293876.2679,111.97746276683701,32.98921962378746,318443213458.2092,268646784512.39908,49796428945.81015,4.259131736111112,48.03695652173913
2017-09-01,THA,Thailand,489955076781.9113,112.076127569082,32.85342084765913,320468527703.916,271677717680.31366,48790810023.602356,4.2366387222222235,49.822
2017-10-01,THA,Thailand,494154859687.55475,112.174792371327,32.7176220715308,322493841949.62274,274708650848.22824,47785191101.3945,4.214145708333335,51.57772727272727
2017-11-01,THA,Thailand,498354642593.1981,112.27345717357201,32.581823295402465,324519156195.32947,277739584016.1428,46779572179.186646,4.191652694444446,56.63857142857143
2017-12-01,THA,Thailand,502554425498.84155,112.37212197581701,32.44602451927413,326544470441.03625,280770517184.0574,45773953256.97888,4.169159680555558,57.8815
2018-01-01,THA,Thailand,506754208404.485,112.470786778062,32.3102257431458,328569784686.743,283801450351.972,44768334334.770996,4.14666666666667,63.698571428571434
2018-02-01,THA,Thailand,509856082020.26843,112.53702537958567,32.205007412929476,328169710312.6275,282894371255.55524,45275339057.072266,4.141458333333337,62.22947368421052
2018-03-01,THA,Thailand,512957955636.0518,112.60326398110934,32.09978908271315,327769635938.51196,281987292159.1385,45782343779.373474,4.136250000000003,62.724761904761905
2018-04-01,THA,Thailand,516059829251.8352,112.669502582633,31.994570752496827,327369561564.3965,281080213062.72174,46289348501.67474,4.13104166666667,66.25380952380952
2018-05-01,THA,Thailand,519161702867.61865,112.73574118415667,31.8893524222805,326969487190.281,280173133966.305,46796353223.97601,4.125833333333337,69.97818181818182
2018-06-01,THA,Thailand,522263576483.4021,112.80197978568033,31.784134092064175,326569412816.16547,279266054869.88824,47303357946.27722,4.120625000000003,67.87333333333333
2018-07-01,THA,Thailand,525365450099.1855,112.868218387204,31.67891576184785,326169338442.05,278358975773.4715,47810362668.57849,4.11541666666667,70.98142857142857
2018-08-01,THA,Thailand,528467323714.9689,112.93445698872767,31.573697431631526,325769264067.9345,277451896677.05475,48317367390.87976,4.110208333333337,68.05565217391305
2018-09-01,THA,Thailand,531569197330.7523,113.00069559025134,31.468479101415202,325369189693.819,276544817580.638,48824372113.18097,4.105000000000003,70.2321052631579
2018-10-01,THA,Thailand,534671070946.53577,113.066934191775,31.363260771198874,324969115319.7035,275637738484.22125,49331376835.48224,4.09979166666667,70.74869565217391
2018-11-01,THA,Thailand,537772944562.31915,113.13317279329867,31.25804244098255,324569040945.588,274730659387.8045,49838381557.78351,4.094583333333337,56.963499999999996
2018-12-01,THA,Thailand,540874818178.10254,113.19941139482233,31.152824110766225,324168966571.4725,273823580291.38776,50345386280.08472,4.089375000000003,49.522777777777776
2019-01-01,THA,Thailand,543976691793.886,113.265649996346,31.0476057805499,323768892197.357,272916501194.971,50852391002.38599,4.08416666666667,51.37571428571429
2019-02-01,THA,Thailand,540350459017.7493,113.1858036456365,31.068111399927677,318263983265.7753,269485582042.13477,48778401223.640564,4.018194444444448,54.95473684210527
2019-03-01,THA,Thailand,536724226241.6127,113.105957294927,31.088617019305453,312759074334.19366,266054662889.29852,46704411444.89514,3.952222222222225,58.151428571428575
2019-04-01,THA,Thailand,533097993465.47595,113.02611094421749,31.109122638683225,307254165402.612,262623743736.46225,44630421666.14975,3.8862500000000026,63.862380952380946
2019-05-01,THA,Thailand,529471760689.3393,112.946264593508,31.129628258061,301749256471.03033,259192824583.626,42556431887.40433,3.82027777777778,60.82681818181818
2019-06-01,THA,Thailand,525845527913.20264,112.8664182427985,31.150133877438776,296244347539.44867,255761905430.78976,40482442108.658905,3.7543055555555576,54.657500000000006
2019-07-01,THA,Thailand,522219295137.066,112.786571892089,31.17063949681655,290739438607.867,252330986277.9535,38408452329.91351,3.6883333333333352,57.35809523809524
2019-08-01,THA,Thailand,518593062360.9293,112.7067255413795,31.191145116194324,285234529676.28534,248900067125.11725,36334462551.16809,3.6223611111111125,54.80590909090909
2019-09-01,THA,Thailand,514966829584.79266,112.62687919067,31.2116507355721,279729620744.7037,245469147972.281,34260472772.42267,3.55638888888889,56.947
2019-10-01,THA,Thailand,511340596808.656,112.54703283996051,31.232156354949876,274224711813.122,242038228819.44476,32186482993.677246,3.4904166666666674,53.96304347826087
2019-11-01,THA,Thailand,507714364032.5193,112.467186489251,31.25266197432765,268719802881.54034,238607309666.60852,30112493214.931824,3.424444444444445,57.048947368421054
2019-12-01,THA,Thailand,504088131256.3826,112.3873401385415,31.273167593705423,263214893949.95868,235176390513.77225,28038503436.18643,3.3584722222222227,59.81666666666667
2020-01-01,THA,Thailand,500461898480.246,112.307493787832,31.2936732130832,257709985018.377,231745471360.936,25964513657.44101,3.2925,57.519047619047626
2020-02-01,THA,Thailand,500939629339.3869,112.42264597551758,31.35062489880724,260936195111.01727,237191986125.85043,23744208985.16684,3.273125,50.54263157894737
2020-03-01,THA,Thailand,501417360198.52783,112.53779816320316,31.407576584531284,264162405203.6575,242638500890.76483,21523904312.89267,3.25375,29.207727272727276
2020-04-01,THA,Thailand,501895091057.6687,112.65295035088874,31.464528270255325,267388615296.29776,248085015655.67926,19303599640.6185,3.234375,16.547619047619047
2020-05-01,THA,Thailand,502372821916.80963,112.76810253857434,31.521479955979366,270614825388.93802,253531530420.59366,17083294968.34436,3.215,28.5625
2020-06-01,THA,Thailand,502850552775.95056,112.88325472625992,31.578431641703407,273841035481.57825,258978045185.5081,14862990296.07016,3.195625,38.307272727272725
2020-07-01,THA,Thailand,503328283635.0915,112.9984069139455,31.635383327427448,277067245574.2185,264424559950.4225,12642685623.79602,3.17625,40.710454545454546
2020-08-01,THA,Thailand,503806014494.2324,113.11355910163108,31.692335013151492,280293455666.85876,269871074715.3369,10422380951.52185,3.156875,42.33904761904762
2020-09-01,THA,Thailand,504283745353.37335,113.22871128931666,31.749286698875533,283519665759.499,275317589480.25134,8202076279.247681,3.1375,39.63428571428571
2020-10-01,THA,Thailand,504761476212.5143,113.34386347700226,31.806238384599574,286745875852.1393,280764104245.1658,5981771606.973511,3.118125,39.39590909090909
2020-11-01,THA,Thailand,505239207071.65515,113.45901566468784,31.86319007032362,289972085944.7795,286210619010.0802,3761466934.69928,3.09875,40.93736842105263
2020-12-01,THA,Thailand,505716937930.7961,113.57416785237342,31.92014175604766,293198296037.41974,291657133774.99457,1541162262.425171,3.079375,47.025
2021-01-01,THA,Thailand,506194668789.937,113.689320040059,31.9770934417717,296424506130.06,297103648539.909,-679142409.848999,3.06,52.008421052631576
2021-02-01,THA,Thailand,505315504523.0807,113.53672241617375,32.234114839497195,298723850567.655,300219221356.6506,-1495370788.9955444,3.0665277777777775,59.04631578947369
2021-03-01,THA,Thailand,504436340256.22437,113.3841247922885,32.49113623722268,301023195005.25,303334794173.39215,-2311599168.142151,3.073055555555555,62.333043478260876
2021-04-01,THA,Thailand,503557175989.36804,113.23152716840325,32.74815763494817,303322539442.845,306450366990.1337,-3127827547.2887573,3.0795833333333325,61.71666666666666
2021-05-01,THA,Thailand,502678011722.51166,113.078929544518,33.00517903267367,305621883880.44,309565939806.8753,-3944055926.4353027,3.08611111111111,65.1695
2021-06-01,THA,Thailand,501798847455.65533,112.92633192063275,33.26220043039916,307921228318.03503,312681512623.6169,-4760284305.581848,3.0926388888888874,71.37818181818182
2021-07-01,THA,Thailand,500919683188.799,112.7737342967475,33.51922182812465,310220572755.63,315797085440.3585,-5576512684.728516,3.0991666666666653,72.4852380952381
2021-08-01,THA,Thailand,500040518921.9427,112.62113667286225,33.77624322585014,312519917193.225,318912658257.1001,-6392741063.875122,3.1056944444444428,67.73045454545455
2021-09-01,THA,Thailand,499161354655.08636,112.468539048977,34.03326462357563,314819261630.82,322028231073.8417,-7208969443.0216675,3.1122222222222202,71.64619047619047
2021-10-01,THA,Thailand,498282190388.23,112.31594142509175,34.29028602130113,317118606068.41504,325143803890.58325,-8025197822.168213,3.1187499999999977,81.47666666666666
2021-11-01,THA,Thailand,497403026121.37366,112.1633438012065,34.547307419026616,319417950506.01,328259376707.3248,-8841426201.31482,3.125277777777775,79.14750000000001
2021-12-01,THA,Thailand,496523861854.51733,112.01074617732125,34.804328816752104,321717294943.605,331374949524.0664,-9657654580.461426,3.1318055555555526,71.71181818181819
2022-01-01,THA,Thailand,495644697587.661,111.858148553436,35.0613502144776,324016639381.2,334490522340.808,-10473882959.607971,3.13833333333333,83.22200000000001
2022-02-01,THA,Thailand,497333163117.10034,112.6484311963095,35.03975341167417,325151303825.0338,333864569432.0855,-8713265607.051697,3.23395833333333,91.64105263157894
2022-03-01,THA,Thailand,499021628646.5397,113.438713839183,35.01815660887073,326285968268.8677,333238616523.363,-6952648254.4953,3.3295833333333302,108.50260869565217
2022-04-01,THA,Thailand,500710094175.979,114.2289964820565,34.996559806067296,327420632712.70154,332612663614.6405,-5192030901.938965,3.4252083333333303,101.7775
2022-05-01,THA,Thailand,502398559705.41833,115.01927912493,34.974963003263866,328555297156.53534,331986710705.91797,-3431413549.3826294,3.52083333333333,109.55238095238094
2022-06-01,THA,Thailand,504087025234.85767,115.8095617678035,34.95336620046044,329689961600.36914,331360757797.1955,-1670796196.826355,3.61645833333333,114.83714285714285
2022-07-01,THA,Thailand,505775490764.297,116.59984441067701,34.931769397657,330824626044.203,330734804888.473,89821155.72998047,3.71208333333333,101.619
2022-08-01,THA,Thailand,507463956293.7363,117.3901270535505,34.91017259485356,331959290488.03687,330108851979.7505,1850438508.286377,3.80770833333333,93.66521739130435
2022-09-01,THA,Thailand,509152421823.17566,118.18040969642401,34.88857579205013,333093954931.87067,329482899071.028,3611055860.8426514,3.90333333333333,84.25809523809524
2022-10-01,THA,Thailand,510840887352.615,118.9706923392975,34.866978989246704,334228619375.70447,328856946162.3055,5371673213.398987,3.99895833333333,87.5547619047619
2022-11-01,THA,Thailand,512529352882.0543,119.760974982171,34.84538218644327,335363283819.5383,328230993253.583,7132290565.955322,4.09458333333333,84.37047619047618
2022-12-01,THA,Thailand,514217818411.49365,120.55125762504451,34.82378538363983,336497948263.3722,327605040344.8605,8892907918.511719,4.19020833333333,76.43714285714286
2023-01-01,THA,Thailand,515906283940.933,121.341540267918,34.8021885808364,337632612707.206,326979087436.138,10653525271.067993,4.28583333333333,78.123
2023-02-01,THA,Thailand,516790565182.66223,121.47964771117684,34.84313437250071,340231911841.84015,328995285491.92035,11236626349.9198,4.276111111111108,76.83263157894737
2023-03-01,THA,Thailand,517674846424.3915,121.61775515443567,34.88408016416501,342831210976.4743,331011483547.70264,11819727428.771667,4.266388888888887,73.27782608695652
2023-04-01,THA,Thailand,518559127666.1207,121.7558625976945,34.92502595582933,345430510111.1085,333027681603.485,12402828507.623535,4.256666666666665,79.44631578947369
2023-05-01,THA,Thailand,519443408907.85,121.89397004095333,34.96597174749363,348029809245.7427,335043879659.26733,12985929586.475342,4.246944444444443,71.57818181818182
2023-06-01,THA,Thailand,520327690149.5792,122.03207748421217,35.00691753915794,350629108380.37683,337060077715.0497,13569030665.327148,4.237222222222222,70.24809523809525
2023-07-01,THA,Thailand,521211971391.3085,122.17018492747101,35.04786333082225,353228407515.011,339076275770.83203,14152131744.178955,4.2275,76.0695
2023-08-01,THA,Thailand,522096252633.0378,122.30829237072984,35.08880912248656,355827706649.64514,341092473826.6143,14735232823.030823,4.217777777777778,81.38608695652174
2023-09-01,THA,Thailand,522980533874.767,122.44639981398868,35.129754914150865,358427005784.2793,343108671882.39667,15318333901.88263,4.208055555555557,89.425
2023-10-01,THA,Thailand,523864815116.4963,122.58450725724751,35.17070070581517,361026304918.91345,345124869938.179,15901434980.734436,4.198333333333335,85.63952380952381
2023-11-01,THA,Thailand,524749096358.2255,122.72261470050634,35.21164649747948,363625604053.54767,347141067993.9613,16484536059.586365,4.188611111111113,77.685
2023-12-01,THA,Thailand,525633377599.9548,122.86072214376517,35.25259228914379,366224903188.1818,349157266049.74365,17067637138.438171,4.178888888888892,71.9
2024-01-01,THA,Thailand,526517658841.684,122.998829587024,35.2935380808081,368824202322.816,351173464105.526,17650738217.289978,4.16916666666667,74.15238095238095
2006-01-01,VNM,Vietnam,66371664817.0436,64.3272394775767,15994.25,44944777029.2449,46856276474.358,-1911499445.1130981,11.17625,65.485
2006-02-01,VNM,Vietnam,67291894876.64374,64.77455227970438,16003.489583333334,45748629570.21599,48376241963.32453,-2627612393.1085434,11.1765625,61.631052631578946
2006-03-01,VNM,Vietnam,68212124936.243866,65.22186508183206,16012.729166666666,46552482111.18707,49896207452.29107,-3343725341.1039963,11.176874999999999,62.68521739130435
2006-04-01,VNM,Vietnam,69132354995.844,65.66917788395975,16021.96875,47356334652.15816,51416172941.2576,-4059838289.0994415,11.177187499999999,69.44368421052631
2006-05-01,VNM,Vietnam,70052585055.44414,66.11649068608743,16031.208333333334,48160187193.129234,52936138430.22414,-4775951237.094902,11.1775,70.84409090909091
2006-06-01,VNM,Vietnam,70972815115.04427,66.56380348821511,16040.447916666666,48964039734.10032,54456103919.19067,-5492064185.090347,11.1778125,70.9509090909091
2006-07-01,VNM,Vietnam,71893045174.6444,67.0111162903428,16049.6875,49767892275.0714,55976069408.157196,-6208177133.085793,11.178125,74.41105263157894
2006-08-01,VNM,Vietnam,72813275234.24454,67.45842909247048,16058.927083333334,50571744816.04249,57496034897.12373,-6924290081.081245,11.1784375,73.04304347826087
2006-09-01,VNM,Vietnam,73733505293.84467,67.90574189459817,16068.166666666666,51375597357.01357,59016000386.09026,-7640403029.076691,11.178749999999999,63.798
2006-10-01,VNM,Vietnam,74653735353.4448,68.35305469672585,16077.40625,52179449897.98465,60535965875.0568,-8356515977.072151,11.1790625,58.89318181818182
2006-11-01,VNM,Vietnam,75573965413.04492,68.80036749885353,16086.645833333334,52983302438.955734,62055931364.02333,-9072628925.067596,11.179375,59.0825
2006-12-01,VNM,Vietnam,76494195472.64507,69.24768030098122,16095.885416666666,53787154979.92682,63575896852.98987,-9788741873.06305,11.1796875,61.959
2007-01-01,VNM,Vietnam,77414425532.2452,69.6949931031089,16105.125,54591007520.8979,65095862341.9564,-10504854821.058495,11.18,54.50619047619048
2007-02-01,VNM,Vietnam,79224082079.48538,71.0375189474011,16121.552083333334,55852171611.96121,66608741331.74738,-10756569719.786171,11.563630952380949,59.27894736842105
2007-03-01,VNM,Vietnam,81033738626.72556,72.3800447916933,16137.979166666666,57113335703.02452,68121620321.53836,-11008284618.51384,11.9472619047619,60.441818181818185
2007-04-01,VNM,Vietnam,82843395173.96574,73.7225706359855,16154.40625,58374499794.08783,69634499311.32935,-11259999517.241516,12.33089285714285,63.977
2007-05-01,VNM,Vietnam,84653051721.20593,75.0650964802777,16170.833333333334,59635663885.15113,71147378301.12033,-11511714415.9692,12.7145238095238,63.45454545454545
2007-06-01,VNM,Vietnam,86462708268.4461,76.4076223245699,16187.260416666666,60896827976.21444,72660257290.91132,-11763429314.696877,13.09815476190475,67.48904761904762
2007-07-01,VNM,Vietnam,88272364815.6863,77.7501481688621,16203.6875,62157992067.27775,74173136280.7023,-12015144213.424553,13.4817857142857,74.11761904761904
2007-08-01,VNM,Vietnam,90082021362.92648,79.0926740131543,16220.114583333334,63419156158.34106,75686015270.49329,-12266859112.15223,13.86541666666665,72.35608695652174
2007-09-01,VNM,Vietnam,91891677910.16666,80.43519985744649,16236.541666666666,64680320249.404366,77198894260.28427,-12518574010.879906,14.2490476190476,79.91473684210526
2007-10-01,VNM,Vietnam,93701334457.40685,81.77772570173869,16252.96875,65941484340.46767,78711773250.07524,-12770288909.607574,14.632678571428551,85.7986956521739
2007-11-01,VNM,Vietnam,95510991004.64703,83.1202515460309,16269.395833333334,67202648431.530975,80224652239.86623,-13022003808.33525,15.0163095238095,94.77238095238096
2007-12-01,VNM,Vietnam,97320647551.8872,84.4627773903231,16285.822916666666,68463812522.594284,81737531229.65721,-13273718707.062927,15.399940476190451,91.687
2008-01-01,VNM,Vietnam,99130304099.1274,85.8053032346153,16302.25,69724976613.6576,83250410219.4482,-13525433605.790604,15.7835714285714,92.97047619047619
2008-02-01,VNM,Vietnam,99704000387.96794,86.28559718243648,16365.819444444442,69445778170.90822,82682363438.23515,-13236585267.326935,15.307357142857118,95.386
2008-03-01,VNM,Vietnam,100277696676.8085,86.76589113025764,16429.388888888883,69166579728.15884,82114316657.0221,-12947736928.86325,14.831142857142835,105.454
2008-04-01,VNM,Vietnam,100851392965.64905,87.24618507807882,16492.958333333325,68887381285.40947,81546269875.80905,-12658888590.399582,14.354928571428552,112.58045454545454
2008-05-01,VNM,Vietnam,101425089254.4896,87.72647902589999,16556.527777777766,68608182842.660095,80978223094.596,-12370040251.935898,13.878714285714267,125.39761904761905
2008-06-01,VNM,Vietnam,101998785543.33015,88.20677297372117,16620.097222222208,68328984399.91072,80410176313.38295,-12081191913.472229,13.402499999999984,133.88
2008-07-01,VNM,Vietnam,102572481832.1707,88.68706692154234,16683.66666666665,68049785957.16135,79842129532.16989,-11792343575.008545,12.9262857142857,133.3709090909091
2008-08-01,VNM,Vietnam,103146178121.01125,89.16736086936352,16747.23611111109,67770587514.41197,79274082750.95685,-11503495236.544876,12.450071428571418,116.66619047619047
2008-09-01,VNM,Vietnam,103719874409.8518,89.6476548171847,16810.805555555533,67491389071.6626,78706035969.7438,-11214646898.081207,11.973857142857135,104.11428571428571
2008-10-01,VNM,Vietnam,104293570698.69235,90.12794876500587,16874.374999999975,67212190628.91322,78137989188.53075,-10925798559.617523,11.49764285714285,76.6086956521739
2008-11-01,VNM,Vietnam,104867266987.5329,90.60824271282705,16937.944444444416,66932992186.16385,77569942407.3177,-10636950221.153854,11.021428571428569,57.30947368421053
2008-12-01,VNM,Vietnam,105440963276.37346,91.08853666064822,17001.513888888858,66653793743.414474,77001895626.10464,-10348101882.69017,10.545214285714284,41.121818181818185
2009-01-01,VNM,Vietnam,106014659565.214,91.5688306084694,17065.0833333333,66374595300.6651,76433848844.8916,-10059253544.226501,10.069,41.71
2009-02-01,VNM,Vietnam,109446869034.52776,92.27142805776361,17194.069444444416,67489002429.99246,77400112473.53835,-9911110043.545883,10.324520833333334,39.08736842105263
2009-03-01,VNM,Vietnam,112879078503.8415,92.97402550705783,17323.055555555533,68603409559.31982,78366376102.18509,-9762966542.865273,10.580041666666666,47.939090909090915
2009-04-01,VNM,Vietnam,116311287973.15526,93.67662295635205,17452.04166666665,69717816688.64717,79332639730.83182,-9614823042.184647,10.8355625,49.64666666666666
2009-05-01,VNM,Vietnam,119743497442.46901,94.37922040564627,17581.027777777766,70832223817.97453,80298903359.47856,-9466679541.504028,11.091083333333334,59.028499999999994
2009-06-01,VNM,Vietnam,123175706911.78275,95.08181785494048,17710.013888888883,71946630947.3019,81265166988.1253,-9318536040.82341,11.346604166666667,69.64090909090909
2009-07-01,VNM,Vietnam,126607916381.0965,95.7844153042347,17839.0,73061038076.62924,82231430616.77205,-9170392540.142807,11.602125000000001,64.15227272727272
2009-08-01,VNM,Vietnam,130040125850.41025,96.48701275352892,17967.986111111117,74175445205.9566,83197694245.4188,-9022249039.462189,11.857645833333333,71.04476190476191
2009-09-01,VNM,Vietnam,133472335319.724,97.18961020282313,18096.972222222234,75289852335.28397,84163957874.06554,-8874105538.78157,12.113166666666666,69.40809523809523
2009-10-01,VNM,Vietnam,136904544789.03775,97.89220765211735,18225.95833333335,76404259464.61133,85130221502.71228,-8725962038.100952,12.3686875,75.71545454545455
2009-11-01,VNM,Vietnam,140336754258.3515,98.59480510141157,18354.944444444467,77518666593.93869,86096485131.35901,-8577818537.420319,12.624208333333332,77.99
2009-12-01,VNM,Vietnam,143768963727.66525,99.29740255070578,18483.930555555584,78633073723.26604,87062748760.00575,-8429675036.739716,12.879729166666666,74.47
2010-01-01,VNM,Vietnam,147201173196.979,100.0,18612.9166666667,79747480852.5934,88029012388.6525,-8281531536.059097,13.13525,78.32578947368421
2010-02-01,VNM,Vietnam,149317329529.2245,101.55647768975592,18770.986111111142,81901350769.69386,89909897710.2017,-8008546940.507843,13.453465277777774,76.38736842105263
2010-03-01,VNM,Vietnam,151433485861.47,103.11295537951183,18929.055555555584,84055220686.79433,91790783031.75092,-7735562344.956589,13.77168055555555,81.20347826086957
2010-04-01,VNM,Vietnam,153549642193.7155,104.66943306926775,19087.125000000025,86209090603.8948,93671668353.30013,-7462577749.405319,14.089895833333324,84.29285714285714
2010-05-01,VNM,Vietnam,155665798525.961,106.22591075902366,19245.194444444467,88362960520.99527,95552553674.84933,-7189593153.854065,14.408111111111099,73.7435
2010-06-01,VNM,Vietnam,157781954858.20648,107.78238844877959,19403.26388888891,90516830438.09573,97433438996.39854,-6916608558.302811,14.726326388888875,75.3359090909091
2010-07-01,VNM,Vietnam,159898111190.452,109.33886613853551,19561.33333333335,92670700355.1962,99314324317.94775,-6643623962.751556,15.04454166666665,76.31952380952382
2010-08-01,VNM,Vietnam,162014267522.6975,110.89534382829142,19719.402777777792,94824570272.29666,101195209639.49695,-6370639367.200287,15.362756944444424,76.59909090909092
2010-09-01,VNM,Vietnam,164130423854.943,112.45182151804734,19877.472222222234,96978440189.39713,103076094961.04616,-6097654771.649033,15.6809722222222,75.24190476190476
2010-10-01,VNM,Vietnam,166246580187.18848,114.00829920780325,20035.541666666675,99132310106.49759,104956980282.59537,-5824670176.097778,15.999187499999975,81.89285714285714
2010-11-01,VNM,Vietnam,168362736519.434,115.56477689755917,20193.611111111117,101286180023.59805,106837865604.14458,-5551685580.546524,16.31740277777775,84.25285714285714
2010-12-01,VNM,Vietnam,170478892851.6795,117.12125458731508,20351.68055555556,103440049940.69853,108718750925.69379,-5278700984.9952545,16.635618055555526,89.14590909090909
2011-01-01,VNM,Vietnam,172595049183.925,118.677732277071,20509.75,105593919857.799,110599636247.243,-5005716389.444,16.9538333333333,89.1705
2011-02-01,VNM,Vietnam,174511350179.36865,119.5771812560035,20536.270833333332,107140182316.6615,111121816164.13942,-3981633847.4779205,16.66365277777775,88.57842105263158
2011-03-01,VNM,Vietnam,176427651174.81232,120.47663023493601,20562.791666666668,108686444775.524,111643996081.03583,-2957551305.5118256,16.3734722222222,102.85652173913043
2011-04-01,VNM,Vietnam,178343952170.25598,121.37607921386851,20589.3125,110232707234.3865,112166175997.93225,-1933468763.5457458,16.08329166666665,109.5325
2011-05-01,VNM,Vietnam,180260253165.69965,122.275528192801,20615.833333333332,111778969693.249,112688355914.82866,-909386221.5796661,15.7931111111111,100.90047619047618
2011-06-01,VNM,Vietnam,182176554161.1433,123.1749771717335,20642.354166666668,113325232152.1115,113210535831.72508,114696320.38641357,15.50293055555555,96.26409090909091
2011-07-01,VNM,Vietnam,184092855156.58698,124.074426150666,20668.875,114871494610.974,113732715748.62149,1138778862.3525085,15.21275,97.3035
2011-08-01,VNM,Vietnam,186009156152.03067,124.97387512959851,20695.395833333332,116417757069.8365,114254895665.51791,2162861404.3185883,14.922569444444449,86.33304347826088
2011-09-01,VNM,Vietnam,187925457147.47433,125.87332410853101,20721.916666666668,117964019528.699,114777075582.41434,3186943946.284668,14.632388888888899,85.51523809523809
2011-10-01,VNM,Vietnam,189841758142.918,126.7727730874635,20748.4375,119510281987.5615,115299255499.31075,4211026488.2507477,14.34220833333335,86.32238095238095
2011-11-01,VNM,Vietnam,191758059138.36166,127.67222206639602,20774.958333333332,121056544446.424,115821435416.20717,5235109030.216827,14.052027777777798,97.16047619047619
2011-12-01,VNM,Vietnam,193674360133.80533,128.57167104532851,20801.479166666668,122602806905.2865,116343615333.10358,6259191572.182922,13.761847222222249,98.56285714285715
2012-01-01,VNM,Vietnam,195590661129.249,129.471120024261,20828.0,124149069364.149,116865795250.0,7283274114.149002,13.4716666666667,100.2735
2012-02-01,VNM,Vietnam,197100507007.2566,130.18242084509635,20836.784722222226,125699850193.50826,118532958210.55576,7166891982.952499,13.2135416666667,102.204
2012-03-01,VNM,Vietnam,198610352885.26416,130.89372166593168,20845.56944444445,127250631022.8675,120200121171.1115,7050509851.755997,12.9554166666667,106.15772727272729
2012-04-01,VNM,Vietnam,200120198763.27173,131.605022486767,20854.354166666675,128801411852.22675,121867284131.66725,6934127720.559494,12.6972916666667,103.321
2012-05-01,VNM,Vietnam,201630044641.27933,132.31632330760235,20863.1388888889,130352192681.586,123534447092.223,6817745589.362991,12.439166666666699,94.65454545454546
2012-06-01,VNM,Vietnam,203139890519.28693,133.02762412843768,20871.923611111124,131902973510.94525,125201610052.77875,6701363458.166504,12.1810416666667,82.30333333333333
2012-07-01,VNM,Vietnam,204649736397.2945,133.738924949273,20880.70833333335,133453754340.3045,126868773013.3345,6584981326.970001,11.9229166666667,87.8952380952381
2012-08-01,VNM,Vietnam,206159582275.30206,134.45022577010835,20889.493055555577,135004535169.66374,128535935973.89026,6468599195.773483,11.6647916666667,94.13130434782609
2012-09-01,VNM,Vietnam,207669428153.30966,135.16152659094368,20898.2777777778,136555315999.023,130203098934.446,6352217064.576996,11.4066666666667,94.51368421052632
2012-10-01,VNM,Vietnam,209179274031.31726,135.872827411779,20907.062500000025,138106096828.38223,131870261895.00175,6235834933.380478,11.148541666666699,89.4913043478261
2012-11-01,VNM,Vietnam,210689119909.32483,136.58412823261435,20915.84722222225,139656877657.7415,133537424855.55751,6119452802.183975,10.890416666666699,86.53142857142858
2012-12-01,VNM,Vietnam,212198965787.3324,137.29542905344968,20924.631944444474,141207658487.10074,135204587816.11325,6003070670.987488,10.6322916666667,87.8595
2013-01-01,VNM,Vietnam,213708811665.34,138.006729874285,20933.4166666667,142758439316.46,136871750776.669,5886688539.790985,10.3741666666667,94.75666666666667
2013-02-01,VNM,Vietnam,215354033163.43823,138.47647654503334,20951.298611111142,144401810907.2566,138269017710.262,6132793196.994598,10.231736111111141,95.30894736842104
2013-03-01,VNM,Vietnam,216999254661.5365,138.94622321578169,20969.180555555584,146045182498.05316,139666284643.855,6378897854.198151,10.089305555555583,92.9385
2013-04-01,VNM,Vietnam,218644476159.63477,139.41596988653,20987.062500000025,147688554088.84973,141063551577.448,6625002511.401733,9.946875000000023,92.02136363636363
2013-05-01,VNM,Vietnam,220289697657.733,139.88571655727833,21004.944444444467,149331925679.64633,142460818511.04102,6871107168.605316,9.804444444444465,94.50954545454546
2013-06-01,VNM,Vietnam,221934919155.83124,140.35546322802668,21022.82638888891,150975297270.44293,143858085444.634,7117211825.808929,9.662013888888907,95.77250000000001
2013-07-01,VNM,Vietnam,223580140653.9295,140.825209898775,21040.70833333335,152618668861.2395,145255352378.227,7363316483.012512,9.51958333333335,104.67090909090908
2013-08-01,VNM,Vietnam,225225362152.02777,141.29495656952332,21058.590277777792,154262040452.03607,146652619311.82,7609421140.216064,9.377152777777791,106.57272727272726
2013-09-01,VNM,Vietnam,226870583650.126,141.76470324027167,21076.472222222234,155905412042.83267,148049886245.413,7855525797.419678,9.234722222222233,106.2895
2013-10-01,VNM,Vietnam,228515805148.22424,142.23444991102,21094.354166666675,157548783633.62927,149447153179.006,8101630454.6232605,9.092291666666675,100.53826086956522
2013-11-01,VNM,Vietnam,230161026646.3225,142.70419658176831,21112.236111111117,159192155224.42584,150844420112.599,8347735111.826843,8.949861111111115,93.864
2013-12-01,VNM,Vietnam,231806248144.42078,143.17394325251666,21130.11805555556,160835526815.2224,152241687046.19202,8593839769.030396,8.807430555555557,97.6252380952381
2014-01-01,VNM,Vietnam,233451469642.519,143.643689923265,21148.0,162478898406.019,153638953979.785,8839944426.234009,8.665,94.61714285714285
2014-02-01,VNM,Vietnam,233935374537.45416,143.7192466125169,21193.797291666666,163478489898.299,155189488119.29016,8289001779.00885,8.536041666666666,100.81736842105263
2014-03-01,VNM,Vietnam,234419279432.38934,143.7948033017688,21239.59458333333,164478081390.579,156740022258.79535,7738059131.783661,8.407083333333333,100.80380952380953
2014-04-01,VNM,Vietnam,234903184327.32452,143.87035999102073,21285.391875,165477672882.859,158290556398.3005,7187116484.558502,8.278125,102.06904761904761
2014-05-01,VNM,Vietnam,235387089222.25967,143.94591668027266,21331.189166666667,166477264375.139,159841090537.80566,6636173837.3333435,8.149166666666666,102.17714285714285
2014-06-01,VNM,Vietnam,235870994117.19482,144.02147336952459,21376.986458333333,167476855867.419,161391624677.31082,6085231190.108185,8.020208333333333,105.7942857142857
2014-07-01,VNM,Vietnam,236354899012.13,144.0970300587765,21422.783750000002,168476447359.699,162942158816.81598,5534288542.883026,7.891249999999999,103.58863636363638
2014-08-01,VNM,Vietnam,236838803907.0652,144.1725867480284,21468.581041666668,169476038851.979,164492692956.32117,4983345895.657837,7.762291666666666,96.53619047619047
2014-09-01,VNM,Vietnam,237322708802.00034,144.24814343728033,21514.378333333334,170475630344.259,166043227095.82632,4432403248.432678,7.633333333333333,93.21190476190476
2014-10-01,VNM,Vietnam,237806613696.9355,144.32370012653226,21560.175625,171475221836.539,167593761235.33148,3881460601.2075195,7.504375,84.39695652173914
2014-11-01,VNM,Vietnam,238290518591.87067,144.39925681578416,21605.972916666666,172474813328.819,169144295374.83667,3330517953.9823303,7.375416666666666,75.78947368421052
2014-12-01,VNM,Vietnam,238774423486.80585,144.47481350503608,21651.770208333335,173474404821.099,170694829514.34183,2779575306.7571716,7.246458333333333,59.29045454545455
2015-01-01,VNM,Vietnam,239258328381.741,144.550370194288,21697.5675,174473996313.379,172245363653.847,2228632659.532013,7.1175,47.219
2015-02-01,VNM,Vietnam,240744801114.76108,144.8717837448705,21717.35361111111,175811735749.32367,173167846748.25555,2643889001.068115,7.104375,50.58421052631579
2015-03-01,VNM,Vietnam,242231273847.78116,145.193197295453,21737.13972222222,177149475185.26834,174090329842.66415,3059145342.604187,7.09125,47.82363636363636
2015-04-01,VNM,Vietnam,243717746580.80124,145.5146108460355,21756.925833333327,178487214621.213,175012812937.07275,3474401684.140259,7.078125,54.45285714285714
2015-05-01,VNM,Vietnam,245204219313.82132,145.836024396618,21776.711944444432,179824954057.15765,175935296031.48132,3889658025.6763306,7.0649999999999995,59.265
2015-06-01,VNM,Vietnam,246690692046.8414,146.1574379472005,21796.49805555554,181162693493.10233,176857779125.8899,4304914367.212433,7.051875,59.819545454545455
2015-07-01,VNM,Vietnam,248177164779.8615,146.478851497783,21816.28416666665,182500432929.047,177780262220.2985,4720170708.748505,7.03875,50.90090909090909
2015-08-01,VNM,Vietnam,249663637512.8816,146.8002650483655,21836.07027777776,183838172364.99167,178702745314.7071,5135427050.284576,7.025625,42.86761904761905
2015-09-01,VNM,Vietnam,251150110245.90167,147.121678598948,21855.856388888868,185175911800.93634,179625228409.11566,5550683391.820679,7.0125,45.47952380952381
2015-10-01,VNM,Vietnam,252636582978.92175,147.4430921495305,21875.642499999973,186513651236.88098,180547711503.52423,5965939733.3567505,6.999375,46.22363636363636
2015-11-01,VNM,Vietnam,254123055711.94183,147.76450570011298,21895.42861111108,187851390672.82565,181470194597.93283,6381196074.892822,6.98625,42.4435
2015-12-01,VNM,Vietnam,255609528444.9619,148.0859192506955,21915.21472222219,189189130108.77032,182392677692.34143,6796452416.428894,6.973125,37.18863636363636
2016-01-01,VNM,Vietnam,257096001177.982,148.407332801278,21935.0008333333,190526869544.715,183315160786.75,7211708757.964996,6.96,31.683157894736844
2016-02-01,VNM,Vietnam,259117468245.3921,148.8426927475619,21971.257986111083,193819780710.1715,186612352951.58508,7207427758.586426,6.968958333333333,30.323
2016-03-01,VNM,Vietnam,261138935312.80215,149.27805269384584,22007.515138888866,197112691875.628,189909545116.42017,7203146759.207825,6.977916666666666,37.54636363636364
2016-04-01,VNM,Vietnam,263160402380.21225,149.71341264012975,22043.77229166665,200405603041.0845,193206737281.25525,7198865759.829254,6.9868749999999995,40.7552380952381
2016-05-01,VNM,Vietnam,265181869447.62234,150.14877258641366,22080.029444444433,203698514206.541,196503929446.09033,7194584760.450653,6.995833333333334,46.712380952380954
2016-06-01,VNM,Vietnam,267203336515.0324,150.58413253269757,22116.286597222217,206991425371.9975,199801121610.9254,7190303761.0720825,7.004791666666667,48.75727272727273
2016-07-01,VNM,Vietnam,269224803582.4425,151.01949247898148,22152.543749999997,210284336537.45398,203098313775.7605,7186022761.693481,7.01375,44.6515
2016-08-01,VNM,Vietnam,271246270649.8526,151.45485242526541,22188.80090277778,213577247702.9105,206395505940.59558,7181741762.314911,7.022708333333333,44.72434782608696
2016-09-01,VNM,Vietnam,273267737717.26266,151.89021237154932,22225.058055555564,216870158868.367,209692698105.43066,7177460762.93634,7.031666666666666,45.18238095238095
2016-10-01,VNM,Vietnam,275289204784.6727,152.32557231783323,22261.315208333348,220163070033.8235,212989890270.26575,7173179763.557739,7.040625,49.775238095238095
2016-11-01,VNM,Vietnam,277310671852.0828,152.76093226411717,22297.57236111113,223455981199.28,216287082435.10083,7168898764.179169,7.0495833333333335,45.66095238095238
2016-12-01,VNM,Vietnam,279332138919.4929,153.19629221040108,22333.829513888915,226748892364.73648,219584274599.9359,7164617764.800568,7.058541666666667,51.9704761904762
2017-01-01,VNM,Vietnam,281353605986.903,153.631652156685,22370.0866666667,230041803530.193,222881466764.771,7160336765.421997,7.0675,52.504
2017-02-01,VNM,Vietnam,283749678687.5493,154.08481791234317,22389.416944444474,232688537119.26825,225043921944.59283,7644615174.675415,7.092864583333333,53.46842105263158
2017-03-01,VNM,Vietnam,286145751388.1957,154.53798366800132,22408.74722222225,235335270708.3435,227206377124.41467,8128893583.928833,7.118229166666667,49.32782608695652
2017-04-01,VNM,Vietnam,288541824088.84204,154.9911494236595,22428.077500000025,237982004297.41876,229368832304.2365,8613171993.182251,7.14359375,51.060526315789474
2017-05-01,VNM,Vietnam,290937896789.48834,155.44431517931767,22447.4077777778,240628737886.494,231531287484.05832,9097450402.435669,7.168958333333333,48.47636363636364
2017-06-01,VNM,Vietnam,293333969490.13464,155.89748093497582,22466.738055555576,243275471475.56924,233693742663.88016,9581728811.689087,7.194322916666667,45.177727272727275
2017-07-01,VNM,Vietnam,295730042190.781,156.350646690634,22486.06833333335,245922205064.6445,235856197843.702,10066007220.942505,7.2196875,46.630526315789474
2017-08-01,VNM,Vietnam,298126114891.42737,156.80381244629217,22505.398611111123,248568938653.71976,238018653023.52383,10550285630.195923,7.245052083333333,48.03695652173913
2017-09-01,VNM,Vietnam,300522187592.07367,157.25697820195032,22524.728888888898,251215672242.795,240181108203.34567,11034564039.44934,7.270416666666667,49.822
2017-10-01,VNM,Vietnam,302918260292.72,157.7101439576085,22544.059166666673,253862405831.87024,242343563383.16748,11518842448.702759,7.29578125,51.57772727272727
2017-11-01,VNM,Vietnam,305314332993.36633,158.16330971326667,22563.38944444445,256509139420.9455,244506018562.98932,12003120857.956177,7.3211458333333335,56.63857142857143
2017-12-01,VNM,Vietnam,307710405694.0127,158.61647546892482,22582.719722222224,259155873010.02075,246668473742.81116,12487399267.209595,7.346510416666667,57.8815
2018-01-01,VNM,Vietnam,310106478394.659,159.069641224583,22602.05,261802606599.096,248830928922.633,12971677676.463013,7.371875,63.698571428571434
2018-02-01,VNM,Vietnam,312128044403.15967,159.4402501152776,22639.39930555556,263713839172.754,250259709564.59592,13454129608.158081,7.3998437500000005,62.22947368421052
2018-03-01,VNM,Vietnam,314149610411.66034,159.81085900597216,22676.748611111117,265625071746.41202,251688490206.55884,13936581539.85318,7.4278125,62.724761904761905
2018-04-01,VNM,Vietnam,316171176420.161,160.18146789666673,22714.097916666673,267536304320.07,253117270848.52173,14419033471.548279,7.45578125,66.25380952380952
2018-05-01,VNM,Vietnam,318192742428.6617,160.55207678736133,22751.447222222232,269447536893.728,254546051490.48465,14901485403.243347,7.48375,69.97818181818182
2018-06-01,VNM,Vietnam,320214308437.16235,160.92268567805593,22788.79652777779,271358769467.38602,255974832132.44757,15383937334.938446,7.51171875,67.87333333333333
2018-07-01,VNM,Vietnam,322235874445.66296,161.2932945687505,22826.14583333335,273270002041.044,257403612774.4105,15866389266.633514,7.539687499999999,70.98142857142857
2018-08-01,VNM,Vietnam,324257440454.16364,161.66390345944507,22863.49513888891,275181234614.702,258832393416.3734,16348841198.328613,7.56765625,68.05565217391305
2018-09-01,VNM,Vietnam,326279006462.6643,162.03451235013966,22900.84444444447,277092467188.36,260261174058.33633,16831293130.023651,7.595625,70.2321052631579
2018-10-01,VNM,Vietnam,328300572471.165,162.40512124083426,22938.193750000028,279003699762.018,261689954700.29926,17313745061.71875,7.6235937499999995,70.74869565217391
2018-11-01,VNM,Vietnam,330322138479.66565,162.77573013152883,22975.543055555583,280914932335.676,263118735342.26215,17796196993.41388,7.6515625,56.963499999999996
2018-12-01,VNM,Vietnam,332343704488.1663,163.1463390222234,23012.892361111142,282826164909.334,264547515984.22507,18278648925.108917,7.679531249999999,49.522777777777776
2019-01-01,VNM,Vietnam,334365270496.667,163.516947912918,23050.2416666667,284737397482.992,265976296626.188,18761100856.804016,7.7075,51.37571428571429
2019-02-01,VNM,Vietnam,335386142833.42773,163.955845710453,23063.41888888892,285382605953.47107,266591268065.64267,18791337887.8284,7.7025,54.95473684210527
2019-03-01,VNM,Vietnam,336407015170.1885,164.394743507988,23076.596111111136,286027814423.9502,267206239505.09732,18821574918.852875,7.6975,58.151428571428575
2019-04-01,VNM,Vietnam,337427887506.9492,164.833641305523,23089.773333333353,286673022894.42926,267821210944.552,18851811949.87726,7.6925,63.862380952380946
2019-05-01,VNM,Vietnam,338448759843.71,165.272539103058,23102.950555555566,287318231364.9083,268436182384.00665,18882048980.901672,7.6875,60.82681818181818
2019-06-01,VNM,Vietnam,339469632180.47076,165.71143690059301,23116.127777777783,287963439835.38745,269051153823.46133,18912286011.926117,7.6825,54.657500000000006
2019-07-01,VNM,Vietnam,340490504517.2315,166.150334698128,23129.305,288608648305.8665,269666125262.91602,18942523042.9505,7.6775,57.35809523809524
2019-08-01,VNM,Vietnam,341511376853.99225,166.589232495663,23142.482222222217,289253856776.3456,270281096702.37067,18972760073.974915,7.672499999999999,54.80590909090909
2019-09-01,VNM,Vietnam,342532249190.753,167.02813029319802,23155.659444444434,289899065246.8247,270896068141.82535,19002997104.99936,7.6674999999999995,56.947
2019-10-01,VNM,Vietnam,343553121527.5138,167.467028090733,23168.836666666648,290544273717.3038,271511039581.28,19033234136.023773,7.6625,53.96304347826087
2019-11-01,VNM,Vietnam,344573993864.27454,167.905925888268,23182.013888888865,291189482187.78284,272126011020.73468,19063471167.048157,7.6575,57.048947368421054
2019-12-01,VNM,Vietnam,345594866201.0353,168.34482368580302,23195.191111111082,291834690658.26196,272740982460.18933,19093708198.07263,7.6525,59.81666666666667
2020-01-01,VNM,Vietnam,346615738537.796,168.783721483338,23208.3683333333,292479899128.741,273355953899.644,19123945229.097015,7.6475,57.519047619047626
2020-02-01,VNM,Vietnam,348270656390.5638,169.0417799150651,23204.319521604906,296768017080.1623,278924831268.51874,17843185811.643555,7.661125,50.54263157894737
2020-03-01,VNM,Vietnam,349925574243.33154,169.29983834679217,23200.270709876517,301056135031.5835,284493708637.3935,16562426394.190002,7.6747499999999995,29.207727272727276
2020-04-01,VNM,Vietnam,351580492096.09924,169.55789677851925,23196.221898148124,305344252983.00476,290062586006.26825,15281666976.736511,7.688375,16.547619047619047
2020-05-01,VNM,Vietnam,353235409948.867,169.81595521024633,23192.173086419734,309632370934.426,295631463375.143,14000907559.28302,7.702,28.5625
2020-06-01,VNM,Vietnam,354890327801.63477,170.0740136419734,23188.12427469134,313920488885.8473,301200340744.01776,12720148141.829529,7.715625,38.307272727272725
2020-07-01,VNM,Vietnam,356545245654.40247,170.3320720737005,23184.075462962952,318208606837.26855,306769218112.8925,11439388724.376038,7.72925,40.710454545454546
2020-08-01,VNM,Vietnam,358200163507.1702,170.5901305054276,23180.02665123456,322496724788.68976,312338095481.7673,10158629306.922485,7.742875,42.33904761904762
2020-09-01,VNM,Vietnam,359855081359.938,170.84818893715467,23175.977839506166,326784842740.111,317906972850.64197,8877869889.469055,7.7565,39.63428571428571
2020-10-01,VNM,Vietnam,361509999212.70575,171.10624736888175,23171.929027777776,331072960691.5323,323475850219.5167,7597110472.015564,7.770125,39.39590909090909
2020-11-01,VNM,Vietnam,363164917065.4735,171.36430580060883,23167.880216049383,335361078642.9535,329044727588.3915,6316351054.562012,7.7837499999999995,40.93736842105263
2020-12-01,VNM,Vietnam,364819834918.2412,171.6223642323359,23163.831404320994,339649196594.37476,334613604957.26624,5035591637.1085205,7.797375,47.025
2021-01-01,VNM,Vietnam,366474752771.009,171.880422664063,23159.7825925926,343937314545.796,340182482326.141,3754832219.6550293,7.811,52.008421052631576
2021-02-01,VNM,Vietnam,370388959262.4731,172.33254086671207,23169.068418209885,347462627334.88196,342750511728.02856,4712115606.853394,7.827861111111111,59.04631578947369
2021-03-01,VNM,Vietnam,374303165753.93713,172.78465906936117,23178.35424382717,350987940123.96783,345318541129.91614,5669398994.051697,7.844722222222222,62.333043478260876
2021-04-01,VNM,Vietnam,378217372245.40125,173.23677727201024,23187.640069444453,354513252913.0538,347886570531.8037,6626682381.250061,7.861583333333332,61.71666666666666
2021-05-01,VNM,Vietnam,382131578736.8653,173.68889547465932,23196.925895061733,358038565702.1397,350454599933.69135,7583965768.448364,7.878444444444443,65.1695
2021-06-01,VNM,Vietnam,386045785228.3294,174.14101367730842,23206.211720679017,361563878491.2256,353022629335.5789,8541249155.6466675,7.895305555555554,71.37818181818182
2021-07-01,VNM,Vietnam,389959991719.79346,174.5931318799575,23215.4975462963,365089191280.3115,355590658737.4665,9498532542.845032,7.912166666666665,72.4852380952381
2021-08-01,VNM,Vietnam,393874198211.25757,175.04525008260657,23224.783371913585,368614504069.39746,358158688139.35406,10455815930.043396,7.929027777777776,67.73045454545455
2021-09-01,VNM,Vietnam,397788404702.7217,175.49736828525567,23234.06919753087,372139816858.48334,360726717541.24164,11413099317.2417,7.945888888888887,71.64619047619047
2021-10-01,VNM,Vietnam,401702611194.1857,175.94948648790475,23243.35502314815,375665129647.5693,363294746943.1293,12370382704.440002,7.962749999999998,81.47666666666666
2021-11-01,VNM,Vietnam,405616817685.64984,176.40160469055382,23252.640848765433,379190442436.6552,365862776345.01685,13327666091.638367,7.979611111111108,79.14750000000001
2021-12-01,VNM,Vietnam,409531024177.1139,176.85372289320293,23261.926674382717,382715755225.7411,368430805746.9044,14284949478.83667,7.996472222222219,71.71181818181819
2022-01-01,VNM,Vietnam,413445230668.578,177.305841095852,23271.2125,386241068014.827,370998835148.792,15242232866.035034,8.01333333333333,83.22200000000001
2022-02-01,VNM,Vietnam,415146268227.72076,177.7864718447091,23314.221388888895,385316440701.0795,368409792407.56964,16906648293.509888,8.12247222222222,91.64105263157894
2022-03-01,VNM,Vietnam,416847305786.8635,178.26710259356616,23357.230277777784,384391813387.33203,365820749666.34735,18571063720.98468,8.231611111111109,108.50260869565217
2022-04-01,VNM,Vietnam,418548343346.0062,178.74773334242326,23400.239166666677,383467186073.58453,363231706925.125,20235479148.459534,8.340749999999998,101.7775
2022-05-01,VNM,Vietnam,420249380905.149,179.22836409128033,23443.248055555567,382542558759.83704,360642664183.90265,21899894575.934387,8.449888888888887,109.55238095238094
2022-06-01,VNM,Vietnam,421950418464.29175,179.70899484013742,23486.25694444446,381617931446.08954,358053621442.68036,23564310003.40918,8.559027777777777,114.83714285714285
2022-07-01,VNM,Vietnam,423651456023.4345,180.1896255889945,23529.265833333353,380693304132.34204,355464578701.458,25228725430.884033,8.668166666666664,101.619
2022-08-01,VNM,Vietnam,425352493582.5773,180.67025633785158,23572.274722222242,379768676818.5945,352875535960.23566,26893140858.358826,8.777305555555554,93.66521739130435
2022-09-01,VNM,Vietnam,427053531141.72003,181.15088708670868,23615.283611111136,378844049504.847,350286493219.01337,28557556285.83362,8.886444444444443,84.25809523809524
2022-10-01,VNM,Vietnam,428754568700.8628,181.63151783556575,23658.292500000025,377919422191.0995,347697450477.791,30221971713.30847,8.995583333333332,87.5547619047619
2022-11-01,VNM,Vietnam,430455606260.0055,182.11214858442284,23701.301388888918,376994794877.352,345108407736.56866,31886387140.783325,9.104722222222222,84.37047619047618
2022-12-01,VNM,Vietnam,432156643819.14825,182.5927793332799,23744.310277777808,376070167563.6045,342519364995.3464,33550802568.258118,9.213861111111111,76.43714285714286
2023-01-01,VNM,Vietnam,433857681378.291,183.073410082137,23787.3191666667,375145540249.857,339930322254.124,35215217995.73297,9.323,78.123
2023-02-01,VNM,Vietnam,437401893789.0314,183.6258482454091,23818.783055555585,379673753412.05176,344833972469.91345,34839780942.138306,9.323,76.83263157894737
2023-03-01,VNM,Vietnam,440946106199.77167,184.17828640868117,23850.24694444447,384201966574.24646,349737622685.7029,34464343888.54358,9.323,73.27782608695652
2023-04-01,VNM,Vietnam,444490318610.512,184.73072457195326,23881.710833333353,388730179736.4412,354641272901.49225,34088906834.948975,9.323,79.44631578947369
2023-05-01,VNM,Vietnam,448034531021.2523,185.28316273522535,23913.174722222233,393258392898.636,359544923117.2817,33713469781.35431,9.323,71.57818181818182
2023-06-01,VNM,Vietnam,451578743431.9927,185.83560089849743,23944.638611111117,397786606060.83075,364448573333.0711,33338032727.759644,9.323,70.24809523809525
2023-07-01,VNM,Vietnam,455122955842.73303,186.38803906176952,23976.1025,402314819223.0255,369352223548.8605,32962595674.16504,9.323,76.0695
2023-08-01,VNM,Vietnam,458667168253.4733,186.94047722504158,24007.566388888885,406843032385.2202,374255873764.6499,32587158620.570312,9.323,81.38608695652174
2023-09-01,VNM,Vietnam,462211380664.2137,187.49291538831366,24039.03027777777,411371245547.415,379159523980.43933,32211721566.975647,9.323,89.425
2023-10-01,VNM,Vietnam,465755593074.954,188.04535355158575,24070.49416666665,415899458709.60974,384063174196.22876,31836284513.38098,9.323,85.63952380952381
2023-11-01,VNM,Vietnam,469299805485.69434,188.59779171485783,24101.958055555533,420427671871.80444,388966824412.0182,31460847459.786255,9.323,77.685
2023-12-01,VNM,Vietnam,472844017896.4347,189.15022987812992,24133.421944444417,424955885033.9992,393870474627.80756,31085410406.19165,9.323,71.9
2024-01-01,VNM,Vietnam,476388230307.175,189.702668041402,24164.8858333333,429484098196.194,398774124843.597,30709973352.596985,9.323,74.15238095238095
